"DT_GERACAO";"HH_GERACAO";"AA_ELEICAO";"DT_PLEITO";"CD_PLEITO";"SG_UF";"CD_MUNICIPIO";"NM_MUNICIPIO";"NR_ZONA";"NR_SECAO";"NR_LOCAL_VOTACAO";"SQ_CORRESPONDENCIA_ESPERADA";"NR_URNA_ESPERADA";"CD_CARGA_URNA_ESPERADA";"CD_CARGA_1_URNA_ESPERADA";"CD_CARGA_2_URNA_ESPERADA";"CD_FLASHCARD_URNA_ESPERADA";"DT_CARGA_URNA_ESPERADA";"DT_RECBTO_URNA_ESPERADA";"SQ_CORRESPONDENCIA_EFETIVADA";"NR_URNA_EFETIVADA";"CD_CARGA_URNA_EFETIVADA";"CD_CARGA_1_URNA_EFETIVADA";"CD_CARGA_2_URNA_EFETIVADA";"CD_FLASHCARD_URNA_EFETIVADA";"DT_CARGA_URNA_EFETIVADA";"DT_RECBTO_URNA_EFETIVADA";"CD_ORIGEM_VOTO";"DS_ORIGEM_VOTO";"TP_DIVERGENCIA";"NM_MAQUINA_GERACAO_MIDIA";"NR_SRI_TPM_GERACAO_MIDIA";"NR_SRI_INSTAL_GERACAO_MIDIA";"NM_MAQUINA_TRANSM_CORRESP";"NR_SRI_TPM_TRANSM_CORRESP";"NR_SRI_INSTAL_TRANSM_CORRESP"
"05/05/2025";"10:00:22";2024;"2025-05-04 00:00:00";3100;"PE";"24236";"GOIANA";25;1;1040;2719743;2221138;137282248828659164486613;"137.282.248.828.659.164.";"486.613";"236300A9";"2025-04-29 08:22:00";"2025-04-29 13:05:35";2719743;2221138;137282248828659164486613;"137.282.248.828.659.164.";"486.613";"236300A9";"2025-04-29 08:22:00";"2025-04-29 13:05:35";"U";"Urna Eletrônica";"#NULO";"ZPE025WKS50";"72E39A3E";"E399A9CE";"ZPE025WKS51";"7E916FF3";"10482C3D"
"05/05/2025";"10:00:22";2024;"2025-05-04 00:00:00";3100;"PE";"24236";"GOIANA";25;2;1040;2719744;2194003;955464178210729979733425;"955.464.178.210.729.979.";"733.425";"236300A9";"2025-04-29 08:43:00";"2025-04-29 13:05:37";2719744;2194003;955464178210729979733425;"955.464.178.210.729.979.";"733.425";"236300A9";"2025-04-29 08:43:00";"2025-04-29 13:05:37";"U";"Urna Eletrônica";"#NULO";"ZPE025WKS50";"72E39A3E";"E399A9CE";"ZPE025WKS51";"7E916FF3";"10482C3D"
"05/05/2025";"10:00:22";2024;"2025-05-04 00:00:00";3100;"PE";"24236";"GOIANA";25;3;1040;2719745;2049604;884757210903472352364363;"884.757.210.903.472.352.";"364.363";"236300A9";"2025-04-29 09:04:00";"2025-04-29 13:05:37";2719745;2049604;884757210903472352364363;"884.757.210.903.472.352.";"364.363";"236300A9";"2025-04-29 09:04:00";"2025-04-29 13:05:37";"U";"Urna Eletrônica";"#NULO";"ZPE025WKS50";"72E39A3E";"E399A9CE";"ZPE025WKS51";"7E916FF3";"10482C3D"
"05/05/2025";"10:00:22";2024;"2025-05-04 00:00:00";3100;"PE";"24236";"GOIANA";25;4;1023;2719746;2161043;76676517822701678283751;"076.676.517.822.701.678.";"283.751";"236300A9";"2025-04-29 09:22:00";"2025-04-29 13:05:37";2719746;2161043;76676517822701678283751;"076.676.517.822.701.678.";"283.751";"236300A9";"2025-04-29 09:22:00";"2025-04-29 13:05:37";"U";"Urna Eletrônica";"#NULO";"ZPE025WKS50";"72E39A3E";"E399A9CE";"ZPE025WKS51";"7E916FF3";"10482C3D"
"05/05/2025";"10:00:22";2024;"2025-05-04 00:00:00";3100;"PE";"24236";"GOIANA";25;5;1023;2719747;2179362;480717033663552687370090;"480.717.033.663.552.687.";"370.090";"236300A9";"2025-04-29 09:37:00";"2025-04-29 13:05:37";2719747;2179362;480717033663552687370090;"480.717.033.663.552.687.";"370.090";"236300A9";"2025-04-29 09:37:00";"2025-04-29 13:05:37";"U";"Urna Eletrônica";"#NULO";"ZPE025WKS50";"72E39A3E";"E399A9CE";"ZPE025WKS51";"7E916FF3";"10482C3D"
"05/05/2025";"10:00:22";2024;"2025-05-04 00:00:00";3100;"PE";"24236";"GOIANA";25;6;1023;2719748;2046798;824151481897937534685971;"824.151.481.897.937.534.";"685.971";"236300A9";"2025-04-29 09:55:00";"2025-04-29 13:05:37";2719748;2046798;824151481897937534685971;"824.151.481.897.937.534.";"685.971";"236300A9";"2025-04-29 09:55:00";"2025-04-29 13:05:37";"U";"Urna Eletrônica";"#NULO";"ZPE025WKS50";"72E39A3E";"E399A9CE";"ZPE025WKS51";"7E916FF3";"10482C3D"
"05/05/2025";"10:00:22";2024;"2025-05-04 00:00:00";3100;"PE";"24236";"GOIANA";25;7;1023;2719749;2185185;571626345572198336504530;"571.626.345.572.198.336.";"504.530";"236300A9";"2025-04-29 10:12:00";"2025-04-29 13:05:38";2719749;2185185;571626345572198336504530;"571.626.345.572.198.336.";"504.530";"236300A9";"2025-04-29 10:12:00";"2025-04-29 13:05:38";"U";"Urna Eletrônica";"#NULO";"ZPE025WKS50";"72E39A3E";"E399A9CE";"ZPE025WKS51";"7E916FF3";"10482C3D"
"05/05/2025";"10:00:22";2024;"2025-05-04 00:00:00";3100;"PE";"24236";"GOIANA";25;8;1023;2719750;2182318;541323428969184964172709;"541.323.428.969.184.964.";"172.709";"236300A9";"2025-04-29 10:21:00";"2025-04-29 13:05:38";2719750;2182318;541323428969184964172709;"541.323.428.969.184.964.";"172.709";"236300A9";"2025-04-29 10:21:00";"2025-04-29 13:05:38";"U";"Urna Eletrônica";"#NULO";"ZPE025WKS50";"72E39A3E";"E399A9CE";"ZPE025WKS51";"7E916FF3";"10482C3D"
"05/05/2025";"10:00:22";2024;"2025-05-04 00:00:00";3100;"PE";"24236";"GOIANA";25;9;1040;2719751;2195280;834252825498038146303225;"834.252.825.498.038.146.";"303.225";"236300A9";"2025-04-29 10:29:00";"2025-04-29 13:05:38";2719751;2195280;834252825498038146303225;"834.252.825.498.038.146.";"303.225";"236300A9";"2025-04-29 10:29:00";"2025-04-29 13:05:38";"U";"Urna Eletrônica";"#NULO";"ZPE025WKS50";"72E39A3E";"E399A9CE";"ZPE025WKS51";"7E916FF3";"10482C3D"
"05/05/2025";"10:00:22";2024;"2025-05-04 00:00:00";3100;"PE";"24236";"GOIANA";25;10;1040;2719752;2194121;157484221330370947835906;"157.484.221.330.370.947.";"835.906";"236300A9";"2025-04-29 10:38:00";"2025-04-29 13:05:38";2719752;2194121;157484221330370947835906;"157.484.221.330.370.947.";"835.906";"236300A9";"2025-04-29 10:38:00";"2025-04-29 13:05:38";"U";"Urna Eletrônica";"#NULO";"ZPE025WKS50";"72E39A3E";"E399A9CE";"ZPE025WKS51";"7E916FF3";"10482C3D"
"05/05/2025";"10:00:22";2024;"2025-05-04 00:00:00";3100;"PE";"24236";"GOIANA";25;11;1040;2719753;2187089;995868174414957480936356;"995.868.174.414.957.480.";"936.356";"236300A9";"2025-04-29 10:43:00";"2025-04-29 13:05:38";2719753;2187089;995868174414957480936356;"995.868.174.414.957.480.";"936.356";"236300A9";"2025-04-29 10:43:00";"2025-04-29 13:05:38";"U";"Urna Eletrônica";"#NULO";"ZPE025WKS50";"72E39A3E";"E399A9CE";"ZPE025WKS51";"7E916FF3";"10482C3D"
"05/05/2025";"10:00:22";2024;"2025-05-04 00:00:00";3100;"PE";"24236";"GOIANA";25;12;1040;2719754;2174216;147383433129199085174933;"147.383.433.129.199.085.";"174.933";"236300A9";"2025-04-29 10:53:00";"2025-04-29 13:05:38";2719754;2174216;147383433129199085174933;"147.383.433.129.199.085.";"174.933";"236300A9";"2025-04-29 10:53:00";"2025-04-29 13:05:38";"U";"Urna Eletrônica";"#NULO";"ZPE025WKS50";"72E39A3E";"E399A9CE";"ZPE025WKS51";"7E916FF3";"10482C3D"
"05/05/2025";"10:00:22";2024;"2025-05-04 00:00:00";3100;"PE";"24236";"GOIANA";25;13;1058;2719755;2015413;359404757550758968828359;"359.404.757.550.758.968.";"828.359";"236300A9";"2025-04-29 10:58:00";"2025-04-29 13:05:38";2719755;2015413;359404757550758968828359;"359.404.757.550.758.968.";"828.359";"236300A9";"2025-04-29 10:58:00";"2025-04-29 13:05:38";"U";"Urna Eletrônica";"#NULO";"ZPE025WKS50";"72E39A3E";"E399A9CE";"ZPE025WKS51";"7E916FF3";"10482C3D"
"05/05/2025";"10:00:22";2024;"2025-05-04 00:00:00";3100;"PE";"24236";"GOIANA";25;14;1058;2719756;2170944;106979615525239659899653;"106.979.615.525.239.659.";"899.653";"236300A9";"2025-04-29 11:09:00";"2025-04-29 13:05:38";2719756;2170944;106979615525239659899653;"106.979.615.525.239.659.";"899.653";"236300A9";"2025-04-29 11:09:00";"2025-04-29 13:05:38";"U";"Urna Eletrônica";"#NULO";"ZPE025WKS50";"72E39A3E";"E399A9CE";"ZPE025WKS51";"7E916FF3";"10482C3D"
"05/05/2025";"10:00:22";2024;"2025-05-04 00:00:00";3100;"PE";"24236";"GOIANA";25;15;1058;2719757;2173064;288797905943154438416130;"288.797.905.943.154.438.";"416.130";"236300A9";"2025-04-29 11:14:00";"2025-04-29 13:05:38";2719757;2173064;288797905943154438416130;"288.797.905.943.154.438.";"416.130";"236300A9";"2025-04-29 11:14:00";"2025-04-29 13:05:38";"U";"Urna Eletrônica";"#NULO";"ZPE025WKS50";"72E39A3E";"E399A9CE";"ZPE025WKS51";"7E916FF3";"10482C3D"
"05/05/2025";"10:00:22";2024;"2025-05-04 00:00:00";3100;"PE";"24236";"GOIANA";25;16;1058;2719758;2170158;753444481190716966163404;"753.444.481.190.716.966.";"163.404";"236300A9";"2025-04-29 11:24:00";"2025-04-29 13:05:38";2719758;2170158;753444481190716966163404;"753.444.481.190.716.966.";"163.404";"236300A9";"2025-04-29 11:24:00";"2025-04-29 13:05:38";"U";"Urna Eletrônica";"#NULO";"ZPE025WKS50";"72E39A3E";"E399A9CE";"ZPE025WKS51";"7E916FF3";"10482C3D"
"05/05/2025";"10:00:22";2024;"2025-05-04 00:00:00";3100;"PE";"24236";"GOIANA";25;17;1058;2719759;2041153;450414290551978085918716;"450.414.290.551.978.085.";"918.716";"5509AE1C";"2025-04-29 08:22:00";"2025-04-29 13:05:38";2719759;2041153;450414290551978085918716;"450.414.290.551.978.085.";"918.716";"5509AE1C";"2025-04-29 08:22:00";"2025-04-29 13:05:38";"U";"Urna Eletrônica";"#NULO";"ZPE025WKS50";"72E39A3E";"E399A9CE";"ZPE025WKS51";"7E916FF3";"10482C3D"
"05/05/2025";"10:00:22";2024;"2025-05-04 00:00:00";3100;"PE";"24236";"GOIANA";25;18;1058;2719760;2172425;854454800091629424147467;"854.454.800.091.629.424.";"147.467";"5509AE1C";"2025-04-29 08:43:00";"2025-04-29 13:05:38";2719760;2172425;854454800091629424147467;"854.454.800.091.629.424.";"147.467";"5509AE1C";"2025-04-29 08:43:00";"2025-04-29 13:05:38";"U";"Urna Eletrônica";"#NULO";"ZPE025WKS50";"72E39A3E";"E399A9CE";"ZPE025WKS51";"7E916FF3";"10482C3D"
"05/05/2025";"10:00:22";2024;"2025-05-04 00:00:00";3100;"PE";"24236";"GOIANA";25;19;1058;2719761;2182196;410010473247934201813081;"410.010.473.247.934.201.";"813.081";"5509AE1C";"2025-04-29 09:03:00";"2025-04-29 13:05:38";2719761;2182196;410010473247934201813081;"410.010.473.247.934.201.";"813.081";"5509AE1C";"2025-04-29 09:03:00";"2025-04-29 13:05:38";"U";"Urna Eletrônica";"#NULO";"ZPE025WKS50";"72E39A3E";"E399A9CE";"ZPE025WKS51";"7E916FF3";"10482C3D"
"05/05/2025";"10:00:22";2024;"2025-05-04 00:00:00";3100;"PE";"24236";"GOIANA";25;20;1058;2719762;2043783;854454993891410737318933;"854.454.993.891.410.737.";"318.933";"5509AE1C";"2025-04-29 09:21:00";"2025-04-29 13:05:38";2719762;2043783;854454993891410737318933;"854.454.993.891.410.737.";"318.933";"5509AE1C";"2025-04-29 09:21:00";"2025-04-29 13:05:38";"U";"Urna Eletrônica";"#NULO";"ZPE025WKS50";"72E39A3E";"E399A9CE";"ZPE025WKS51";"7E916FF3";"10482C3D"
"05/05/2025";"10:00:22";2024;"2025-05-04 00:00:00";3100;"PE";"24236";"GOIANA";25;21;1066;2719763;2171199;682737936674827399030298;"682.737.936.674.827.399.";"030.298";"5509AE1C";"2025-04-29 09:38:00";"2025-04-29 13:05:39";2719763;2171199;682737936674827399030298;"682.737.936.674.827.399.";"030.298";"5509AE1C";"2025-04-29 09:38:00";"2025-04-29 13:05:39";"U";"Urna Eletrônica";"#NULO";"ZPE025WKS50";"72E39A3E";"E399A9CE";"ZPE025WKS51";"7E916FF3";"10482C3D"
"05/05/2025";"10:00:22";2024;"2025-05-04 00:00:00";3100;"PE";"24236";"GOIANA";25;22;1066;2719764;2172092;854454212291824830770400;"854.454.212.291.824.830.";"770.400";"5509AE1C";"2025-04-29 09:53:00";"2025-04-29 13:05:39";2719764;2172092;854454212291824830770400;"854.454.212.291.824.830.";"770.400";"5509AE1C";"2025-04-29 09:53:00";"2025-04-29 13:05:39";"U";"Urna Eletrônica";"#NULO";"ZPE025WKS50";"72E39A3E";"E399A9CE";"ZPE025WKS51";"7E916FF3";"10482C3D"
"05/05/2025";"10:00:22";2024;"2025-05-04 00:00:00";3100;"PE";"24236";"GOIANA";25;23;1066;2719765;2043589;56474529811747647078229;"056.474.529.811.747.647.";"078.229";"5509AE1C";"2025-04-29 10:13:00";"2025-04-29 13:05:39";2719765;2043589;56474529811747647078229;"056.474.529.811.747.647.";"078.229";"5509AE1C";"2025-04-29 10:13:00";"2025-04-29 13:05:39";"U";"Urna Eletrônica";"#NULO";"ZPE025WKS50";"72E39A3E";"E399A9CE";"ZPE025WKS51";"7E916FF3";"10482C3D"
"05/05/2025";"10:00:22";2024;"2025-05-04 00:00:00";3100;"PE";"24236";"GOIANA";25;24;1066;2719766;2222323;581727160064221428121635;"581.727.160.064.221.428.";"121.635";"5509AE1C";"2025-04-29 10:21:00";"2025-04-29 13:05:39";2719766;2222323;581727160064221428121635;"581.727.160.064.221.428.";"121.635";"5509AE1C";"2025-04-29 10:21:00";"2025-04-29 13:05:39";"U";"Urna Eletrônica";"#NULO";"ZPE025WKS50";"72E39A3E";"E399A9CE";"ZPE025WKS51";"7E916FF3";"10482C3D"
"05/05/2025";"10:00:22";2024;"2025-05-04 00:00:00";3100;"PE";"24236";"GOIANA";25;25;1040;2719767;2185427;904959596196632814295108;"904.959.596.196.632.814.";"295.108";"5509AE1C";"2025-04-29 10:31:00";"2025-04-29 13:05:39";2719767;2185427;904959596196632814295108;"904.959.596.196.632.814.";"295.108";"5509AE1C";"2025-04-29 10:31:00";"2025-04-29 13:05:39";"U";"Urna Eletrônica";"#NULO";"ZPE025WKS50";"72E39A3E";"E399A9CE";"ZPE025WKS51";"7E916FF3";"10482C3D"
"05/05/2025";"10:00:22";2024;"2025-05-04 00:00:00";3100;"PE";"24236";"GOIANA";25;26;1082;2719768;2183473;228191029428512775241370;"228.191.029.428.512.775.";"241.370";"5509AE1C";"2025-04-29 10:39:00";"2025-04-29 13:05:39";2719768;2183473;228191029428512775241370;"228.191.029.428.512.775.";"241.370";"5509AE1C";"2025-04-29 10:39:00";"2025-04-29 13:05:39";"U";"Urna Eletrônica";"#NULO";"ZPE025WKS50";"72E39A3E";"E399A9CE";"ZPE025WKS51";"7E916FF3";"10482C3D"
"05/05/2025";"10:00:22";2024;"2025-05-04 00:00:00";3100;"PE";"24236";"GOIANA";25;27;1082;2719769;2192754;662535574872977148291801;"662.535.574.872.977.148.";"291.801";"5509AE1C";"2025-04-29 10:48:00";"2025-04-29 13:05:39";2719769;2192754;662535574872977148291801;"662.535.574.872.977.148.";"291.801";"5509AE1C";"2025-04-29 10:48:00";"2025-04-29 13:05:39";"U";"Urna Eletrônica";"#NULO";"ZPE025WKS50";"72E39A3E";"E399A9CE";"ZPE025WKS51";"7E916FF3";"10482C3D"
"05/05/2025";"10:00:22";2024;"2025-05-04 00:00:00";3100;"PE";"24236";"GOIANA";25;28;1082;2719770;2184130;228191241128551669844193;"228.191.241.128.551.669.";"844.193";"5509AE1C";"2025-04-29 10:57:00";"2025-04-29 13:05:39";2719770;2184130;228191241128551669844193;"228.191.241.128.551.669.";"844.193";"5509AE1C";"2025-04-29 10:57:00";"2025-04-29 13:05:39";"U";"Urna Eletrônica";"#NULO";"ZPE025WKS50";"72E39A3E";"E399A9CE";"ZPE025WKS51";"7E916FF3";"10482C3D"
"05/05/2025";"10:00:22";2024;"2025-05-04 00:00:00";3100;"PE";"24236";"GOIANA";25;29;1082;2719771;2170115;319000449637300812752689;"319.000.449.637.300.812.";"752.689";"5509AE1C";"2025-04-29 11:07:00";"2025-04-29 13:05:39";2719771;2170115;319000449637300812752689;"319.000.449.637.300.812.";"752.689";"5509AE1C";"2025-04-29 11:07:00";"2025-04-29 13:05:39";"U";"Urna Eletrônica";"#NULO";"ZPE025WKS50";"72E39A3E";"E399A9CE";"ZPE025WKS51";"7E916FF3";"10482C3D"
"05/05/2025";"10:00:22";2024;"2025-05-04 00:00:00";3100;"PE";"24236";"GOIANA";25;30;1082;2719772;2044026;288797490234299425249817;"288.797.490.234.299.425.";"249.817";"5509AE1C";"2025-04-29 11:16:00";"2025-04-29 13:05:39";2719772;2044026;288797490234299425249817;"288.797.490.234.299.425.";"249.817";"5509AE1C";"2025-04-29 11:16:00";"2025-04-29 13:05:39";"U";"Urna Eletrônica";"#NULO";"ZPE025WKS50";"72E39A3E";"E399A9CE";"ZPE025WKS51";"7E916FF3";"10482C3D"
"05/05/2025";"10:00:22";2024;"2025-05-04 00:00:00";3100;"PE";"24236";"GOIANA";25;31;1082;2719773;2180083;894858211795994539550008;"894.858.211.795.994.539.";"550.008";"5509AE1C";"2025-04-29 11:26:00";"2025-04-29 13:05:39";2719773;2180083;894858211795994539550008;"894.858.211.795.994.539.";"550.008";"5509AE1C";"2025-04-29 11:26:00";"2025-04-29 13:05:39";"U";"Urna Eletrônica";"#NULO";"ZPE025WKS50";"72E39A3E";"E399A9CE";"ZPE025WKS51";"7E916FF3";"10482C3D"
"05/05/2025";"10:00:22";2024;"2025-05-04 00:00:00";3100;"PE";"24236";"GOIANA";25;32;1414;2719774;2222504;945363373700132084239318;"945.363.373.700.132.084.";"239.318";"5509AE1C";"2025-04-29 11:36:00";"2025-04-29 13:05:39";2719912;2172788;945363942309361979018523;"945.363.942.309.361.979.";"018.523";"236300A9";"2025-04-29 12:29:00";"2025-04-29 13:05:49";"U";"Urna Eletrônica";"C";"ZPE025WKS50";"72E39A3E";"E399A9CE";"ZPE025WKS51";"7E916FF3";"10482C3D"
"05/05/2025";"10:00:22";2024;"2025-05-04 00:00:00";3100;"PE";"24236";"GOIANA";25;33;1090;2719775;2181032;409909941375207019840431;"409.909.941.375.207.019.";"840.431";"DCFA86A5";"2025-04-29 08:26:00";"2025-04-29 13:05:39";2719775;2181032;409909941375207019840431;"409.909.941.375.207.019.";"840.431";"DCFA86A5";"2025-04-29 08:26:00";"2025-04-29 13:05:39";"U";"Urna Eletrônica";"#NULO";"ZPE025WKS50";"72E39A3E";"E399A9CE";"ZPE025WKS51";"7E916FF3";"10482C3D"
"05/05/2025";"10:00:22";2024;"2025-05-04 00:00:00";3100;"PE";"24236";"GOIANA";25;34;1090;2719776;2170911;430212082878221503085414;"430.212.082.878.221.503.";"085.414";"DCFA86A5";"2025-04-29 08:52:00";"2025-04-29 13:05:39";2719776;2170911;430212082878221503085414;"430.212.082.878.221.503.";"085.414";"DCFA86A5";"2025-04-29 08:52:00";"2025-04-29 13:05:39";"U";"Urna Eletrônica";"#NULO";"ZPE025WKS50";"72E39A3E";"E399A9CE";"ZPE025WKS51";"7E916FF3";"10482C3D"
"05/05/2025";"10:00:22";2024;"2025-05-04 00:00:00";3100;"PE";"24236";"GOIANA";25;35;1090;2719777;2041148;258494011960790675788263;"258.494.011.960.790.675.";"788.263";"DCFA86A5";"2025-04-29 09:12:00";"2025-04-29 13:05:39";2719777;2041148;258494011960790675788263;"258.494.011.960.790.675.";"788.263";"DCFA86A5";"2025-04-29 09:12:00";"2025-04-29 13:05:39";"U";"Urna Eletrônica";"#NULO";"ZPE025WKS50";"72E39A3E";"E399A9CE";"ZPE025WKS51";"7E916FF3";"10482C3D"
"05/05/2025";"10:00:22";2024;"2025-05-04 00:00:00";3100;"PE";"24236";"GOIANA";25;36;1090;2719778;2185059;16070889536804610520981;"016.070.889.536.804.610.";"520.981";"DCFA86A5";"2025-04-29 09:33:00";"2025-04-29 13:05:39";2719778;2185059;16070889536804610520981;"016.070.889.536.804.610.";"520.981";"DCFA86A5";"2025-04-29 09:33:00";"2025-04-29 13:05:39";"U";"Urna Eletrônica";"#NULO";"ZPE025WKS50";"72E39A3E";"E399A9CE";"ZPE025WKS51";"7E916FF3";"10482C3D"
"05/05/2025";"10:00:22";2024;"2025-05-04 00:00:00";3100;"PE";"24236";"GOIANA";25;37;1090;2719779;2185165;531222512988556567540421;"531.222.512.988.556.567.";"540.421";"DCFA86A5";"2025-04-29 09:45:00";"2025-04-29 13:05:40";2719779;2185165;531222512988556567540421;"531.222.512.988.556.567.";"540.421";"DCFA86A5";"2025-04-29 09:45:00";"2025-04-29 13:05:40";"U";"Urna Eletrônica";"#NULO";"ZPE025WKS50";"72E39A3E";"E399A9CE";"ZPE025WKS51";"7E916FF3";"10482C3D"
"05/05/2025";"10:00:22";2024;"2025-05-04 00:00:00";3100;"PE";"24236";"GOIANA";25;38;1090;2719780;2222205;308999396165045354701928;"308.999.396.165.045.354.";"701.928";"DCFA86A5";"2025-04-29 10:05:00";"2025-04-29 13:05:40";2719780;2222205;308999396165045354701928;"308.999.396.165.045.354.";"701.928";"DCFA86A5";"2025-04-29 10:05:00";"2025-04-29 13:05:40";"U";"Urna Eletrônica";"#NULO";"ZPE025WKS50";"72E39A3E";"E399A9CE";"ZPE025WKS51";"7E916FF3";"10482C3D"
"05/05/2025";"10:00:22";2024;"2025-05-04 00:00:00";3100;"PE";"24236";"GOIANA";25;39;1090;2719781;2172744;753444952410418008291854;"753.444.952.410.418.008.";"291.854";"DCFA86A5";"2025-04-29 10:30:00";"2025-04-29 13:05:40";2719781;2172744;753444952410418008291854;"753.444.952.410.418.008.";"291.854";"DCFA86A5";"2025-04-29 10:30:00";"2025-04-29 13:05:40";"U";"Urna Eletrônica";"#NULO";"ZPE025WKS50";"72E39A3E";"E399A9CE";"ZPE025WKS51";"7E916FF3";"10482C3D"
"05/05/2025";"10:00:22";2024;"2025-05-04 00:00:00";3100;"PE";"24236";"GOIANA";25;40;1104;2719782;2023037;349303629769725413137661;"349.303.629.769.725.413.";"137.661";"DCFA86A5";"2025-04-29 10:49:00";"2025-04-29 13:05:40";2719782;2023037;349303629769725413137661;"349.303.629.769.725.413.";"137.661";"DCFA86A5";"2025-04-29 10:49:00";"2025-04-29 13:05:40";"U";"Urna Eletrônica";"#NULO";"ZPE025WKS50";"72E39A3E";"E399A9CE";"ZPE025WKS51";"7E916FF3";"10482C3D"
"05/05/2025";"10:00:22";2024;"2025-05-04 00:00:00";3100;"PE";"24236";"GOIANA";25;41;1104;2719783;2185978;157484548550743224995857;"157.484.548.550.743.224.";"995.857";"DCFA86A5";"2025-04-29 11:10:00";"2025-04-29 13:05:40";2719783;2185978;157484548550743224995857;"157.484.548.550.743.224.";"995.857";"DCFA86A5";"2025-04-29 11:10:00";"2025-04-29 13:05:40";"U";"Urna Eletrônica";"#NULO";"ZPE025WKS50";"72E39A3E";"E399A9CE";"ZPE025WKS51";"7E916FF3";"10482C3D"
"05/05/2025";"10:00:22";2024;"2025-05-04 00:00:00";3100;"PE";"24236";"GOIANA";25;42;1104;2719784;2044150;56474556540922489298126;"056.474.556.540.922.489.";"298.126";"DCFA86A5";"2025-04-29 11:14:00";"2025-04-29 13:05:40";2719784;2044150;56474556540922489298126;"056.474.556.540.922.489.";"298.126";"DCFA86A5";"2025-04-29 11:14:00";"2025-04-29 13:05:40";"U";"Urna Eletrônica";"#NULO";"ZPE025WKS50";"72E39A3E";"E399A9CE";"ZPE025WKS51";"7E916FF3";"10482C3D"
"05/05/2025";"10:00:22";2024;"2025-05-04 00:00:00";3100;"PE";"24236";"GOIANA";25;43;1112;2719785;2158968;359404968870685864355766;"359.404.968.870.685.864.";"355.766";"DCFA86A5";"2025-04-29 11:38:00";"2025-04-29 13:05:40";2719785;2158968;359404968870685864355766;"359.404.968.870.685.864.";"355.766";"DCFA86A5";"2025-04-29 11:38:00";"2025-04-29 13:05:40";"U";"Urna Eletrônica";"#NULO";"ZPE025WKS50";"72E39A3E";"E399A9CE";"ZPE025WKS51";"7E916FF3";"10482C3D"
"05/05/2025";"10:00:22";2024;"2025-05-04 00:00:00";3100;"PE";"24236";"GOIANA";25;44;1112;2719786;2192212;177686890252176510889800;"177.686.890.252.176.510.";"889.800";"DCFA86A5";"2025-04-29 11:42:00";"2025-04-29 13:05:40";2719786;2192212;177686890252176510889800;"177.686.890.252.176.510.";"889.800";"DCFA86A5";"2025-04-29 11:42:00";"2025-04-29 13:05:40";"U";"Urna Eletrônica";"#NULO";"ZPE025WKS50";"72E39A3E";"E399A9CE";"ZPE025WKS51";"7E916FF3";"10482C3D"
"05/05/2025";"10:00:22";2024;"2025-05-04 00:00:00";3100;"PE";"24236";"GOIANA";25;45;1112;2719787;2194796;743343573609702804567193;"743.343.573.609.702.804.";"567.193";"DCFA86A5";"2025-04-29 12:05:00";"2025-04-29 13:05:40";2719787;2194796;743343573609702804567193;"743.343.573.609.702.804.";"567.193";"DCFA86A5";"2025-04-29 12:05:00";"2025-04-29 13:05:40";"U";"Urna Eletrônica";"#NULO";"ZPE025WKS50";"72E39A3E";"E399A9CE";"ZPE025WKS51";"7E916FF3";"10482C3D"
"05/05/2025";"10:00:22";2024;"2025-05-04 00:00:00";3100;"PE";"24236";"GOIANA";25;46;1112;2720032;2172563;935262874128313083959085;"935.262.874.128.313.083.";"959.085";"DCFA86A5";"2025-05-03 10:44:00";"2025-05-03 12:02:04";2720032;2172563;935262874128313083959085;"935.262.874.128.313.083.";"959.085";"DCFA86A5";"2025-05-03 10:44:00";"2025-05-03 12:02:04";"U";"Urna Eletrônica";"#NULO";"ZPE025WKS50";"72E39A3E";"E399A9CE";"ZPE025WKS05";"340FAFB4";"09FCEDB6"
"05/05/2025";"10:00:22";2024;"2025-05-04 00:00:00";3100;"PE";"24236";"GOIANA";25;47;1120;2719789;2160646;581727638993933246258801;"581.727.638.993.933.246.";"258.801";"DCFA86A5";"2025-04-29 12:28:00";"2025-04-29 13:05:40";2719789;2160646;581727638993933246258801;"581.727.638.993.933.246.";"258.801";"DCFA86A5";"2025-04-29 12:28:00";"2025-04-29 13:05:40";"U";"Urna Eletrônica";"#NULO";"ZPE025WKS50";"72E39A3E";"E399A9CE";"ZPE025WKS51";"7E916FF3";"10482C3D"
"05/05/2025";"10:00:22";2024;"2025-05-04 00:00:00";3100;"PE";"24236";"GOIANA";25;48;1120;2719790;2171825;359404516970539199406097;"359.404.516.970.539.199.";"406.097";"DCFA86A5";"2025-04-29 12:43:00";"2025-04-29 13:05:41";2719790;2171825;359404516970539199406097;"359.404.516.970.539.199.";"406.097";"DCFA86A5";"2025-04-29 12:43:00";"2025-04-29 13:05:41";"U";"Urna Eletrônica";"#NULO";"ZPE025WKS50";"72E39A3E";"E399A9CE";"ZPE025WKS51";"7E916FF3";"10482C3D"
"05/05/2025";"10:00:22";2024;"2025-05-04 00:00:00";3100;"PE";"24236";"GOIANA";25;49;1120;2719982;2195287;541323818862132552204625;"541.323.818.862.132.552.";"204.625";"7170D68E";"2025-04-29 08:23:00";"2025-04-29 13:11:58";2719982;2195287;541323818862132552204625;"541.323.818.862.132.552.";"204.625";"7170D68E";"2025-04-29 08:23:00";"2025-04-29 13:11:58";"U";"Urna Eletrônica";"#NULO";"ZPE025WKS50";"72E39A3E";"E399A9CE";"ZPE025WKS51";"7E916FF3";"10482C3D"
"05/05/2025";"10:00:22";2024;"2025-05-04 00:00:00";3100;"PE";"24236";"GOIANA";25;50;1120;2719983;2193516;945363294502663435041683;"945.363.294.502.663.435.";"041.683";"7170D68E";"2025-04-29 08:51:00";"2025-04-29 13:11:58";2719983;2193516;945363294502663435041683;"945.363.294.502.663.435.";"041.683";"7170D68E";"2025-04-29 08:51:00";"2025-04-29 13:11:58";"U";"Urna Eletrônica";"#NULO";"ZPE025WKS50";"72E39A3E";"E399A9CE";"ZPE025WKS51";"7E916FF3";"10482C3D"
"05/05/2025";"10:00:22";2024;"2025-05-04 00:00:00";3100;"PE";"24236";"GOIANA";25;51;1120;2719984;2221706;399808850547070097181960;"399.808.850.547.070.097.";"181.960";"7170D68E";"2025-04-29 09:14:00";"2025-04-29 13:11:58";2719984;2221706;399808850547070097181960;"399.808.850.547.070.097.";"181.960";"7170D68E";"2025-04-29 09:14:00";"2025-04-29 13:11:58";"U";"Urna Eletrônica";"#NULO";"ZPE025WKS50";"72E39A3E";"E399A9CE";"ZPE025WKS51";"7E916FF3";"10482C3D"
"05/05/2025";"10:00:22";2024;"2025-05-04 00:00:00";3100;"PE";"24236";"GOIANA";25;52;1120;2719985;2175464;733242305081523228905731;"733.242.305.081.523.228.";"905.731";"7170D68E";"2025-04-29 09:33:00";"2025-04-29 13:11:58";2719985;2175464;733242305081523228905731;"733.242.305.081.523.228.";"905.731";"7170D68E";"2025-04-29 09:33:00";"2025-04-29 13:11:58";"U";"Urna Eletrônica";"#NULO";"ZPE025WKS50";"72E39A3E";"E399A9CE";"ZPE025WKS51";"7E916FF3";"10482C3D"
"05/05/2025";"10:00:22";2024;"2025-05-04 00:00:00";3100;"PE";"24236";"GOIANA";25;53;1139;2719986;2194002;420111102050465927624671;"420.111.102.050.465.927.";"624.671";"7170D68E";"2025-04-29 09:54:00";"2025-04-29 13:11:58";2719986;2194002;420111102050465927624671;"420.111.102.050.465.927.";"624.671";"7170D68E";"2025-04-29 09:54:00";"2025-04-29 13:11:58";"U";"Urna Eletrônica";"#NULO";"ZPE025WKS50";"72E39A3E";"E399A9CE";"ZPE025WKS51";"7E916FF3";"10482C3D"
"05/05/2025";"10:00:22";2024;"2025-05-04 00:00:00";3100;"PE";"24236";"GOIANA";25;54;1139;2719987;2045920;652434445773134429180851;"652.434.445.773.134.429.";"180.851";"7170D68E";"2025-04-29 10:10:00";"2025-04-29 13:11:58";2719987;2045920;652434445773134429180851;"652.434.445.773.134.429.";"180.851";"7170D68E";"2025-04-29 10:10:00";"2025-04-29 13:11:58";"U";"Urna Eletrônica";"#NULO";"ZPE025WKS50";"72E39A3E";"E399A9CE";"ZPE025WKS51";"7E916FF3";"10482C3D"
"05/05/2025";"10:00:22";2024;"2025-05-04 00:00:00";3100;"PE";"24236";"GOIANA";25;55;1139;2719988;2172970;733242633381935298835588;"733.242.633.381.935.298.";"835.588";"7170D68E";"2025-04-29 10:29:00";"2025-04-29 13:11:58";2719988;2172970;733242633381935298835588;"733.242.633.381.935.298.";"835.588";"7170D68E";"2025-04-29 10:29:00";"2025-04-29 13:11:58";"U";"Urna Eletrônica";"#NULO";"ZPE025WKS50";"72E39A3E";"E399A9CE";"ZPE025WKS51";"7E916FF3";"10482C3D"
"05/05/2025";"10:00:22";2024;"2025-05-04 00:00:00";3100;"PE";"24236";"GOIANA";25;56;1139;2719989;2193172;157484166823020097170693;"157.484.166.823.020.097.";"170.693";"7170D68E";"2025-04-29 10:33:00";"2025-04-29 13:11:58";2719989;2193172;157484166823020097170693;"157.484.166.823.020.097.";"170.693";"7170D68E";"2025-04-29 10:33:00";"2025-04-29 13:11:58";"U";"Urna Eletrônica";"#NULO";"ZPE025WKS50";"72E39A3E";"E399A9CE";"ZPE025WKS51";"7E916FF3";"10482C3D"
"05/05/2025";"10:00:22";2024;"2025-05-04 00:00:00";3100;"PE";"24236";"GOIANA";25;57;1139;2719990;2222268;329101445640567835383741;"329.101.445.640.567.835.";"383.741";"7170D68E";"2025-04-29 10:47:00";"2025-04-29 13:11:58";2719990;2222268;329101445640567835383741;"329.101.445.640.567.835.";"383.741";"7170D68E";"2025-04-29 10:47:00";"2025-04-29 13:11:58";"U";"Urna Eletrônica";"#NULO";"ZPE025WKS50";"72E39A3E";"E399A9CE";"ZPE025WKS51";"7E916FF3";"10482C3D"
"05/05/2025";"10:00:22";2024;"2025-05-04 00:00:00";3100;"PE";"24236";"GOIANA";25;58;1147;2719991;2171268;450414680853362410598739;"450.414.680.853.362.410.";"598.739";"7170D68E";"2025-04-29 10:51:00";"2025-04-29 13:11:59";2719991;2171268;450414680853362410598739;"450.414.680.853.362.410.";"598.739";"7170D68E";"2025-04-29 10:51:00";"2025-04-29 13:11:59";"U";"Urna Eletrônica";"#NULO";"ZPE025WKS50";"72E39A3E";"E399A9CE";"ZPE025WKS51";"7E916FF3";"10482C3D"
"05/05/2025";"10:00:22";2024;"2025-05-04 00:00:00";3100;"PE";"24236";"GOIANA";25;59;1147;2719992;2164351;561525906864488714166987;"561.525.906.864.488.714.";"166.987";"7170D68E";"2025-04-29 11:06:00";"2025-04-29 13:11:59";2719992;2164351;561525906864488714166987;"561.525.906.864.488.714.";"166.987";"7170D68E";"2025-04-29 11:06:00";"2025-04-29 13:11:59";"U";"Urna Eletrônica";"#NULO";"ZPE025WKS50";"72E39A3E";"E399A9CE";"ZPE025WKS51";"7E916FF3";"10482C3D"
"05/05/2025";"10:00:22";2024;"2025-05-04 00:00:00";3100;"PE";"24236";"GOIANA";25;60;1147;2719993;2160187;632232051271298183578925;"632.232.051.271.298.183.";"578.925";"7170D68E";"2025-04-29 11:11:00";"2025-04-29 13:11:59";2719993;2160187;632232051271298183578925;"632.232.051.271.298.183.";"578.925";"7170D68E";"2025-04-29 11:11:00";"2025-04-29 13:11:59";"U";"Urna Eletrônica";"#NULO";"ZPE025WKS50";"72E39A3E";"E399A9CE";"ZPE025WKS51";"7E916FF3";"10482C3D"
"05/05/2025";"10:00:22";2024;"2025-05-04 00:00:00";3100;"PE";"24236";"GOIANA";25;61;1147;2719994;2171053;874656408095769550735361;"874.656.408.095.769.550.";"735.361";"7170D68E";"2025-04-29 11:23:00";"2025-04-29 13:11:59";2719994;2171053;874656408095769550735361;"874.656.408.095.769.550.";"735.361";"7170D68E";"2025-04-29 11:23:00";"2025-04-29 13:11:59";"U";"Urna Eletrônica";"#NULO";"ZPE025WKS50";"72E39A3E";"E399A9CE";"ZPE025WKS51";"7E916FF3";"10482C3D"
"05/05/2025";"10:00:22";2024;"2025-05-04 00:00:00";3100;"PE";"24236";"GOIANA";25;62;1171;2719995;2170962;531222170261513109148569;"531.222.170.261.513.109.";"148.569";"7170D68E";"2025-04-29 11:33:00";"2025-04-29 13:11:59";2719995;2170962;531222170261513109148569;"531.222.170.261.513.109.";"148.569";"7170D68E";"2025-04-29 11:33:00";"2025-04-29 13:11:59";"U";"Urna Eletrônica";"#NULO";"ZPE025WKS50";"72E39A3E";"E399A9CE";"ZPE025WKS51";"7E916FF3";"10482C3D"
"05/05/2025";"10:00:22";2024;"2025-05-04 00:00:00";3100;"PE";"24236";"GOIANA";25;63;1171;2719996;2169802;925161673800925796093072;"925.161.673.800.925.796.";"093.072";"7170D68E";"2025-04-29 11:42:00";"2025-04-29 13:11:59";2719996;2169802;925161673800925796093072;"925.161.673.800.925.796.";"093.072";"7170D68E";"2025-04-29 11:42:00";"2025-04-29 13:11:59";"U";"Urna Eletrônica";"#NULO";"ZPE025WKS50";"72E39A3E";"E399A9CE";"ZPE025WKS51";"7E916FF3";"10482C3D"
"05/05/2025";"10:00:22";2024;"2025-05-04 00:00:00";3100;"PE";"24236";"GOIANA";25;64;1171;2719997;2223771;763545629284851303267620;"763.545.629.284.851.303.";"267.620";"7170D68E";"2025-04-29 11:52:00";"2025-04-29 13:11:59";2719997;2223771;763545629284851303267620;"763.545.629.284.851.303.";"267.620";"7170D68E";"2025-04-29 11:52:00";"2025-04-29 13:11:59";"U";"Urna Eletrônica";"#NULO";"ZPE025WKS50";"72E39A3E";"E399A9CE";"ZPE025WKS51";"7E916FF3";"10482C3D"
"05/05/2025";"10:00:22";2024;"2025-05-04 00:00:00";3100;"PE";"24236";"GOIANA";25;65;1040;2719791;2032287;228191195686670887330363;"228.191.195.686.670.887.";"330.363";"16287103";"2025-04-29 08:21:00";"2025-04-29 13:05:41";2719791;2032287;228191195686670887330363;"228.191.195.686.670.887.";"330.363";"16287103";"2025-04-29 08:21:00";"2025-04-29 13:05:41";"U";"Urna Eletrônica";"#NULO";"ZPE025WKS50";"72E39A3E";"E399A9CE";"ZPE025WKS51";"7E916FF3";"10482C3D"
"05/05/2025";"10:00:22";2024;"2025-05-04 00:00:00";3100;"PE";"24236";"GOIANA";25;68;1040;2719792;2172184;581727880922371045556209;"581.727.880.922.371.045.";"556.209";"16287103";"2025-04-29 08:52:00";"2025-04-29 13:05:41";2719792;2172184;581727880922371045556209;"581.727.880.922.371.045.";"556.209";"16287103";"2025-04-29 08:52:00";"2025-04-29 13:05:41";"U";"Urna Eletrônica";"#NULO";"ZPE025WKS50";"72E39A3E";"E399A9CE";"ZPE025WKS51";"7E916FF3";"10482C3D"
"05/05/2025";"10:00:22";2024;"2025-05-04 00:00:00";3100;"PE";"24236";"GOIANA";25;69;1058;2719793;2194282;763545175640580345630748;"763.545.175.640.580.345.";"630.748";"16287103";"2025-04-29 09:16:00";"2025-04-29 13:05:41";2719793;2194282;763545175640580345630748;"763.545.175.640.580.345.";"630.748";"16287103";"2025-04-29 09:16:00";"2025-04-29 13:05:41";"U";"Urna Eletrônica";"#NULO";"ZPE025WKS50";"72E39A3E";"E399A9CE";"ZPE025WKS51";"7E916FF3";"10482C3D"
"05/05/2025";"10:00:22";2024;"2025-05-04 00:00:00";3100;"PE";"24236";"GOIANA";25;70;1040;2719794;2221452;46373536868253133688685;"046.373.536.868.253.133.";"688.685";"16287103";"2025-04-29 09:39:00";"2025-04-29 13:05:41";2719794;2221452;46373536868253133688685;"046.373.536.868.253.133.";"688.685";"16287103";"2025-04-29 09:39:00";"2025-04-29 13:05:41";"U";"Urna Eletrônica";"#NULO";"ZPE025WKS50";"72E39A3E";"E399A9CE";"ZPE025WKS51";"7E916FF3";"10482C3D"
"05/05/2025";"10:00:22";2024;"2025-05-04 00:00:00";3100;"PE";"24236";"GOIANA";25;71;1058;2719795;2185349;844353448848720732008393;"844.353.448.848.720.732.";"008.393";"16287103";"2025-04-29 09:43:00";"2025-04-29 13:05:41";2719795;2185349;844353448848720732008393;"844.353.448.848.720.732.";"008.393";"16287103";"2025-04-29 09:43:00";"2025-04-29 13:05:41";"U";"Urna Eletrônica";"#NULO";"ZPE025WKS50";"72E39A3E";"E399A9CE";"ZPE025WKS51";"7E916FF3";"10482C3D"
"05/05/2025";"10:00:22";2024;"2025-05-04 00:00:00";3100;"PE";"24236";"GOIANA";25;72;1198;2719796;2043981;915060624055589784570057;"915.060.624.055.589.784.";"570.057";"16287103";"2025-04-29 10:04:00";"2025-04-29 13:05:41";2719796;2043981;915060624055589784570057;"915.060.624.055.589.784.";"570.057";"16287103";"2025-04-29 10:04:00";"2025-04-29 13:05:41";"U";"Urna Eletrônica";"#NULO";"ZPE025WKS50";"72E39A3E";"E399A9CE";"ZPE025WKS51";"7E916FF3";"10482C3D"
"05/05/2025";"10:00:22";2024;"2025-05-04 00:00:00";3100;"PE";"24236";"GOIANA";25;73;1139;2719797;2043851;622131447126570170753543;"622.131.447.126.570.170.";"753.543";"16287103";"2025-04-29 10:08:00";"2025-04-29 13:05:41";2719797;2043851;622131447126570170753543;"622.131.447.126.570.170.";"753.543";"16287103";"2025-04-29 10:08:00";"2025-04-29 13:05:41";"U";"Urna Eletrônica";"#NULO";"ZPE025WKS50";"72E39A3E";"E399A9CE";"ZPE025WKS51";"7E916FF3";"10482C3D"
"05/05/2025";"10:00:22";2024;"2025-05-04 00:00:00";3100;"PE";"24236";"GOIANA";25;74;1040;2719798;2191327;531222469217159153053108;"531.222.469.217.159.153.";"053.108";"16287103";"2025-04-29 10:12:00";"2025-04-29 13:05:41";2719798;2191327;531222469217159153053108;"531.222.469.217.159.153.";"053.108";"16287103";"2025-04-29 10:12:00";"2025-04-29 13:05:41";"U";"Urna Eletrônica";"#NULO";"ZPE025WKS50";"72E39A3E";"E399A9CE";"ZPE025WKS51";"7E916FF3";"10482C3D"
"05/05/2025";"10:00:22";2024;"2025-05-04 00:00:00";3100;"PE";"24236";"GOIANA";25;75;1201;2719799;2223575;26171064066590938086396;"026.171.064.066.590.938.";"086.396";"16287103";"2025-04-29 10:20:00";"2025-04-29 13:05:41";2719799;2223575;26171064066590938086396;"026.171.064.066.590.938.";"086.396";"16287103";"2025-04-29 10:20:00";"2025-04-29 13:05:41";"U";"Urna Eletrônica";"#NULO";"ZPE025WKS50";"72E39A3E";"E399A9CE";"ZPE025WKS51";"7E916FF3";"10482C3D"
"05/05/2025";"10:00:22";2024;"2025-05-04 00:00:00";3100;"PE";"24236";"GOIANA";25;76;1023;2719800;2170018;5969158564801852243293;"005.969.158.564.801.852.";"243.293";"16287103";"2025-04-29 10:32:00";"2025-04-29 13:05:41";2719800;2170018;5969158564801852243293;"005.969.158.564.801.852.";"243.293";"16287103";"2025-04-29 10:32:00";"2025-04-29 13:05:41";"U";"Urna Eletrônica";"#NULO";"ZPE025WKS50";"72E39A3E";"E399A9CE";"ZPE025WKS51";"7E916FF3";"10482C3D"
"05/05/2025";"10:00:22";2024;"2025-05-04 00:00:00";3100;"PE";"24236";"GOIANA";25;77;1198;2719801;2195316;874656134251767242715692;"874.656.134.251.767.242.";"715.692";"16287103";"2025-04-29 10:42:00";"2025-04-29 13:05:41";2719801;2195316;874656134251767242715692;"874.656.134.251.767.242.";"715.692";"16287103";"2025-04-29 10:42:00";"2025-04-29 13:05:41";"U";"Urna Eletrônica";"#NULO";"ZPE025WKS50";"72E39A3E";"E399A9CE";"ZPE025WKS51";"7E916FF3";"10482C3D"
"05/05/2025";"10:00:22";2024;"2025-05-04 00:00:00";3100;"PE";"24236";"GOIANA";25;78;1147;2719802;2189630;106979477974940620955453;"106.979.477.974.940.620.";"955.453";"16287103";"2025-04-29 10:50:00";"2025-04-29 13:05:41";2719802;2189630;106979477974940620955453;"106.979.477.974.940.620.";"955.453";"16287103";"2025-04-29 10:50:00";"2025-04-29 13:05:41";"U";"Urna Eletrônica";"#NULO";"ZPE025WKS50";"72E39A3E";"E399A9CE";"ZPE025WKS51";"7E916FF3";"10482C3D"
"05/05/2025";"10:00:22";2024;"2025-05-04 00:00:00";3100;"PE";"24236";"GOIANA";25;79;1198;2719803;2223842;430212914207909950236128;"430.212.914.207.909.950.";"236.128";"16287103";"2025-04-29 10:59:00";"2025-04-29 13:05:42";2719803;2223842;430212914207909950236128;"430.212.914.207.909.950.";"236.128";"16287103";"2025-04-29 10:59:00";"2025-04-29 13:05:42";"U";"Urna Eletrônica";"#NULO";"ZPE025WKS50";"72E39A3E";"E399A9CE";"ZPE025WKS51";"7E916FF3";"10482C3D"
"05/05/2025";"10:00:22";2024;"2025-05-04 00:00:00";3100;"PE";"24236";"GOIANA";25;80;1090;2719804;2161634;26171581366087307021660;"026.171.581.366.087.307.";"021.660";"16287103";"2025-04-29 11:08:00";"2025-04-29 13:05:42";2719804;2161634;26171581366087307021660;"026.171.581.366.087.307.";"021.660";"16287103";"2025-04-29 11:08:00";"2025-04-29 13:05:42";"U";"Urna Eletrônica";"#NULO";"ZPE025WKS50";"72E39A3E";"E399A9CE";"ZPE025WKS51";"7E916FF3";"10482C3D"
"05/05/2025";"10:00:22";2024;"2025-05-04 00:00:00";3100;"PE";"24236";"GOIANA";25;81;1198;2719805;2184508;500919170614652217963711;"500.919.170.614.652.217.";"963.711";"16287103";"2025-04-29 11:18:00";"2025-04-29 13:05:42";2719805;2184508;500919170614652217963711;"500.919.170.614.652.217.";"963.711";"16287103";"2025-04-29 11:18:00";"2025-04-29 13:05:42";"U";"Urna Eletrônica";"#NULO";"ZPE025WKS50";"72E39A3E";"E399A9CE";"ZPE025WKS51";"7E916FF3";"10482C3D"
"05/05/2025";"10:00:22";2024;"2025-05-04 00:00:00";3100;"PE";"24236";"GOIANA";25;82;1023;2719806;2186909;430212215407671039909227;"430.212.215.407.671.039.";"909.227";"16287103";"2025-04-29 11:28:00";"2025-04-29 13:05:42";2719806;2186909;430212215407671039909227;"430.212.215.407.671.039.";"909.227";"16287103";"2025-04-29 11:28:00";"2025-04-29 13:05:42";"U";"Urna Eletrônica";"#NULO";"ZPE025WKS50";"72E39A3E";"E399A9CE";"ZPE025WKS51";"7E916FF3";"10482C3D"
"05/05/2025";"10:00:22";2024;"2025-05-04 00:00:00";3100;"PE";"24236";"GOIANA";25;83;1414;2719807;2174878;288797177188879966797986;"288.797.177.188.879.966.";"797.986";"55EDC6DE";"2025-04-29 08:23:00";"2025-04-29 13:05:42";2719807;2174878;288797177188879966797986;"288.797.177.188.879.966.";"797.986";"55EDC6DE";"2025-04-29 08:23:00";"2025-04-29 13:05:42";"U";"Urna Eletrônica";"#NULO";"ZPE025WKS50";"72E39A3E";"E399A9CE";"ZPE025WKS51";"7E916FF3";"10482C3D"
"05/05/2025";"10:00:22";2024;"2025-05-04 00:00:00";3100;"PE";"24236";"GOIANA";25;84;1210;2719808;2171123;995868996659937496992743;"995.868.996.659.937.496.";"992.743";"55EDC6DE";"2025-04-29 08:28:00";"2025-04-29 13:05:42";2719808;2171123;995868996659937496992743;"995.868.996.659.937.496.";"992.743";"55EDC6DE";"2025-04-29 08:28:00";"2025-04-29 13:05:42";"U";"Urna Eletrônica";"#NULO";"ZPE025WKS50";"72E39A3E";"E399A9CE";"ZPE025WKS51";"7E916FF3";"10482C3D"
"05/05/2025";"10:00:22";2024;"2025-05-04 00:00:00";3100;"PE";"24236";"GOIANA";25;85;1201;2719809;2174560;238292346283443018269401;"238.292.346.283.443.018.";"269.401";"55EDC6DE";"2025-04-29 08:58:00";"2025-04-29 13:05:42";2719809;2174560;238292346283443018269401;"238.292.346.283.443.018.";"269.401";"55EDC6DE";"2025-04-29 08:58:00";"2025-04-29 13:05:42";"U";"Urna Eletrônica";"#NULO";"ZPE025WKS50";"72E39A3E";"E399A9CE";"ZPE025WKS51";"7E916FF3";"10482C3D"
"05/05/2025";"10:00:22";2024;"2025-05-04 00:00:00";3100;"PE";"24236";"GOIANA";25;86;1210;2719810;2183998;86777308268905245109993;"086.777.308.268.905.245.";"109.993";"55EDC6DE";"2025-04-29 09:16:00";"2025-04-29 13:05:42";2719810;2183998;86777308268905245109993;"086.777.308.268.905.245.";"109.993";"55EDC6DE";"2025-04-29 09:16:00";"2025-04-29 13:05:42";"U";"Urna Eletrônica";"#NULO";"ZPE025WKS50";"72E39A3E";"E399A9CE";"ZPE025WKS51";"7E916FF3";"10482C3D"
"05/05/2025";"10:00:22";2024;"2025-05-04 00:00:00";3100;"PE";"24236";"GOIANA";25;87;1031;2719811;2042917;854454180245994978961658;"854.454.180.245.994.978.";"961.658";"55EDC6DE";"2025-04-29 09:38:00";"2025-04-29 13:05:42";2719811;2042917;854454180245994978961658;"854.454.180.245.994.978.";"961.658";"55EDC6DE";"2025-04-29 09:38:00";"2025-04-29 13:05:42";"U";"Urna Eletrônica";"#NULO";"ZPE025WKS50";"72E39A3E";"E399A9CE";"ZPE025WKS51";"7E916FF3";"10482C3D"
"05/05/2025";"10:00:22";2024;"2025-05-04 00:00:00";3100;"PE";"24236";"GOIANA";25;88;1074;2719812;2041165;76676519667604798033924;"076.676.519.667.604.798.";"033.924";"55EDC6DE";"2025-04-29 10:02:00";"2025-04-29 13:05:42";2719812;2041165;76676519667604798033924;"076.676.519.667.604.798.";"033.924";"55EDC6DE";"2025-04-29 10:02:00";"2025-04-29 13:05:42";"U";"Urna Eletrônica";"#NULO";"ZPE025WKS50";"72E39A3E";"E399A9CE";"ZPE025WKS51";"7E916FF3";"10482C3D"
"05/05/2025";"10:00:22";2024;"2025-05-04 00:00:00";3100;"PE";"24236";"GOIANA";25;89;1163;2719813;2036628;147383695574972165231406;"147.383.695.574.972.165.";"231.406";"55EDC6DE";"2025-04-29 10:15:00";"2025-04-29 13:05:42";2719813;2036628;147383695574972165231406;"147.383.695.574.972.165.";"231.406";"55EDC6DE";"2025-04-29 10:15:00";"2025-04-29 13:05:42";"U";"Urna Eletrônica";"#NULO";"ZPE025WKS50";"72E39A3E";"E399A9CE";"ZPE025WKS51";"7E916FF3";"10482C3D"
"05/05/2025";"10:00:22";2024;"2025-05-04 00:00:00";3100;"PE";"24236";"GOIANA";25;90;1201;2719814;2173175;167585797476821450800358;"167.585.797.476.821.450.";"800.358";"55EDC6DE";"2025-04-29 10:30:00";"2025-04-29 13:05:42";2719814;2173175;167585797476821450800358;"167.585.797.476.821.450.";"800.358";"55EDC6DE";"2025-04-29 10:30:00";"2025-04-29 13:05:42";"U";"Urna Eletrônica";"#NULO";"ZPE025WKS50";"72E39A3E";"E399A9CE";"ZPE025WKS51";"7E916FF3";"10482C3D"
"05/05/2025";"10:00:22";2024;"2025-05-04 00:00:00";3100;"PE";"24236";"GOIANA";25;91;1228;2719815;2172570;672636419927776917174314;"672.636.419.927.776.917.";"174.314";"55EDC6DE";"2025-04-29 10:45:00";"2025-04-29 13:05:42";2719815;2172570;672636419927776917174314;"672.636.419.927.776.917.";"174.314";"55EDC6DE";"2025-04-29 10:45:00";"2025-04-29 13:05:42";"U";"Urna Eletrônica";"#NULO";"ZPE025WKS50";"72E39A3E";"E399A9CE";"ZPE025WKS51";"7E916FF3";"10482C3D"
"05/05/2025";"10:00:22";2024;"2025-05-04 00:00:00";3100;"PE";"24236";"GOIANA";25;92;1074;2719816;2171065;793848640139776849287097;"793.848.640.139.776.849.";"287.097";"55EDC6DE";"2025-04-29 10:52:00";"2025-04-29 13:05:42";2719816;2171065;793848640139776849287097;"793.848.640.139.776.849.";"287.097";"55EDC6DE";"2025-04-29 10:52:00";"2025-04-29 13:05:42";"U";"Urna Eletrônica";"#NULO";"ZPE025WKS50";"72E39A3E";"E399A9CE";"ZPE025WKS51";"7E916FF3";"10482C3D"
"05/05/2025";"10:00:22";2024;"2025-05-04 00:00:00";3100;"PE";"24236";"GOIANA";25;93;1090;2719817;2170391;702939660130839778271839;"702.939.660.130.839.778.";"271.839";"55EDC6DE";"2025-04-29 11:09:00";"2025-04-29 13:05:43";2719817;2170391;702939660130839778271839;"702.939.660.130.839.778.";"271.839";"55EDC6DE";"2025-04-29 11:09:00";"2025-04-29 13:05:43";"U";"Urna Eletrônica";"#NULO";"ZPE025WKS50";"72E39A3E";"E399A9CE";"ZPE025WKS51";"7E916FF3";"10482C3D"
"05/05/2025";"10:00:22";2024;"2025-05-04 00:00:00";3100;"PE";"24236";"GOIANA";25;94;1120;2719818;2035234;541323613314784629172097;"541.323.613.314.784.629.";"172.097";"55EDC6DE";"2025-04-29 11:28:00";"2025-04-29 13:05:43";2719818;2035234;541323613314784629172097;"541.323.613.314.784.629.";"172.097";"55EDC6DE";"2025-04-29 11:28:00";"2025-04-29 13:05:43";"U";"Urna Eletrônica";"#NULO";"ZPE025WKS50";"72E39A3E";"E399A9CE";"ZPE025WKS51";"7E916FF3";"10482C3D"
"05/05/2025";"10:00:22";2024;"2025-05-04 00:00:00";3100;"PE";"24236";"GOIANA";25;95;1201;2719819;2173766;834252018143900230982473;"834.252.018.143.900.230.";"982.473";"55EDC6DE";"2025-04-29 11:43:00";"2025-04-29 13:05:43";2719819;2173766;834252018143900230982473;"834.252.018.143.900.230.";"982.473";"55EDC6DE";"2025-04-29 11:43:00";"2025-04-29 13:05:43";"U";"Urna Eletrônica";"#NULO";"ZPE025WKS50";"72E39A3E";"E399A9CE";"ZPE025WKS51";"7E916FF3";"10482C3D"
"05/05/2025";"10:00:22";2024;"2025-05-04 00:00:00";3100;"PE";"24236";"GOIANA";25;96;1210;2719820;2194017;187787475278554432906335;"187.787.475.278.554.432.";"906.335";"55EDC6DE";"2025-04-29 11:56:00";"2025-04-29 13:05:43";2719820;2194017;187787475278554432906335;"187.787.475.278.554.432.";"906.335";"55EDC6DE";"2025-04-29 11:56:00";"2025-04-29 13:05:43";"U";"Urna Eletrônica";"#NULO";"ZPE025WKS50";"72E39A3E";"E399A9CE";"ZPE025WKS51";"7E916FF3";"10482C3D"
"05/05/2025";"10:00:22";2024;"2025-05-04 00:00:00";3100;"PE";"24236";"GOIANA";25;97;1201;2719821;2183877;854454252145818707945836;"854.454.252.145.818.707.";"945.836";"55EDC6DE";"2025-04-29 12:05:00";"2025-04-29 13:05:43";2719821;2183877;854454252145818707945836;"854.454.252.145.818.707.";"945.836";"55EDC6DE";"2025-04-29 12:05:00";"2025-04-29 13:05:43";"U";"Urna Eletrônica";"#NULO";"ZPE025WKS50";"72E39A3E";"E399A9CE";"ZPE025WKS51";"7E916FF3";"10482C3D"
"05/05/2025";"10:00:22";2024;"2025-05-04 00:00:00";3100;"PE";"24236";"GOIANA";25;98;1201;2719822;2150793;197888707479330830877042;"197.888.707.479.330.830.";"877.042";"55EDC6DE";"2025-04-29 12:25:00";"2025-04-29 13:05:43";2719822;2150793;197888707479330830877042;"197.888.707.479.330.830.";"877.042";"55EDC6DE";"2025-04-29 12:25:00";"2025-04-29 13:05:43";"U";"Urna Eletrônica";"#NULO";"ZPE025WKS50";"72E39A3E";"E399A9CE";"ZPE025WKS51";"7E916FF3";"10482C3D"
"05/05/2025";"10:00:22";2024;"2025-05-04 00:00:00";3100;"PE";"24236";"GOIANA";25;99;1074;2719823;2221255;147383769137665168347911;"147.383.769.137.665.168.";"347.911";"AD04A49F";"2025-04-29 08:22:00";"2025-04-29 13:05:43";2719823;2221255;147383769137665168347911;"147.383.769.137.665.168.";"347.911";"AD04A49F";"2025-04-29 08:22:00";"2025-04-29 13:05:43";"U";"Urna Eletrônica";"#NULO";"ZPE025WKS50";"72E39A3E";"E399A9CE";"ZPE025WKS51";"7E916FF3";"10482C3D"
"05/05/2025";"10:00:22";2024;"2025-05-04 00:00:00";3100;"PE";"24236";"GOIANA";25;100;1414;2719824;2181689;561525658979638406092293;"561.525.658.979.638.406.";"092.293";"AD04A49F";"2025-04-29 08:56:00";"2025-04-29 13:05:43";2719824;2181689;561525658979638406092293;"561.525.658.979.638.406.";"092.293";"AD04A49F";"2025-04-29 08:56:00";"2025-04-29 13:05:43";"U";"Urna Eletrônica";"#NULO";"ZPE025WKS50";"72E39A3E";"E399A9CE";"ZPE025WKS51";"7E916FF3";"10482C3D"
"05/05/2025";"10:00:22";2024;"2025-05-04 00:00:00";3100;"PE";"24236";"GOIANA";25;101;1015;2719825;2160849;369505560859395387791739;"369.505.560.859.395.387.";"791.739";"AD04A49F";"2025-04-29 09:19:00";"2025-04-29 13:05:43";2719825;2160849;369505560859395387791739;"369.505.560.859.395.387.";"791.739";"AD04A49F";"2025-04-29 09:19:00";"2025-04-29 13:05:43";"U";"Urna Eletrônica";"#NULO";"ZPE025WKS50";"72E39A3E";"E399A9CE";"ZPE025WKS51";"7E916FF3";"10482C3D"
"05/05/2025";"10:00:22";2024;"2025-05-04 00:00:00";3100;"PE";"24236";"GOIANA";25;102;1210;2719826;2222434;410010721064412844683229;"410.010.721.064.412.844.";"683.229";"AD04A49F";"2025-04-29 09:36:00";"2025-04-29 13:05:43";2719826;2222434;410010721064412844683229;"410.010.721.064.412.844.";"683.229";"AD04A49F";"2025-04-29 09:36:00";"2025-04-29 13:05:43";"U";"Urna Eletrônica";"#NULO";"ZPE025WKS50";"72E39A3E";"E399A9CE";"ZPE025WKS51";"7E916FF3";"10482C3D"
"05/05/2025";"10:00:22";2024;"2025-05-04 00:00:00";3100;"PE";"24236";"GOIANA";25;103;1422;2719827;2192246;955464374918208490560038;"955.464.374.918.208.490.";"560.038";"AD04A49F";"2025-04-29 09:57:00";"2025-04-29 13:05:43";2719827;2192246;955464374918208490560038;"955.464.374.918.208.490.";"560.038";"AD04A49F";"2025-04-29 09:57:00";"2025-04-29 13:05:43";"U";"Urna Eletrônica";"#NULO";"ZPE025WKS50";"72E39A3E";"E399A9CE";"ZPE025WKS51";"7E916FF3";"10482C3D"
"05/05/2025";"10:00:22";2024;"2025-05-04 00:00:00";3100;"PE";"24236";"GOIANA";25;104;1201;2719828;2173079;753444286298793312117831;"753.444.286.298.793.312.";"117.831";"AD04A49F";"2025-04-29 10:18:00";"2025-04-29 13:05:43";2719828;2173079;753444286298793312117831;"753.444.286.298.793.312.";"117.831";"AD04A49F";"2025-04-29 10:18:00";"2025-04-29 13:05:43";"U";"Urna Eletrônica";"#NULO";"ZPE025WKS50";"72E39A3E";"E399A9CE";"ZPE025WKS51";"7E916FF3";"10482C3D"
"05/05/2025";"10:00:22";2024;"2025-05-04 00:00:00";3100;"PE";"24236";"GOIANA";25;105;1163;2719829;2170259;985767625021139101479929;"985.767.625.021.139.101.";"479.929";"AD04A49F";"2025-04-29 10:37:00";"2025-04-29 13:05:43";2719829;2170259;985767625021139101479929;"985.767.625.021.139.101.";"479.929";"AD04A49F";"2025-04-29 10:37:00";"2025-04-29 13:05:43";"U";"Urna Eletrônica";"#NULO";"ZPE025WKS50";"72E39A3E";"E399A9CE";"ZPE025WKS51";"7E916FF3";"10482C3D"
"05/05/2025";"10:00:22";2024;"2025-05-04 00:00:00";3100;"PE";"24236";"GOIANA";25;106;1201;2719830;2223887;389707132661715128513564;"389.707.132.661.715.128.";"513.564";"AD04A49F";"2025-04-29 10:57:00";"2025-04-29 13:05:43";2719830;2223887;389707132661715128513564;"389.707.132.661.715.128.";"513.564";"AD04A49F";"2025-04-29 10:57:00";"2025-04-29 13:05:43";"U";"Urna Eletrônica";"#NULO";"ZPE025WKS50";"72E39A3E";"E399A9CE";"ZPE025WKS51";"7E916FF3";"10482C3D"
"05/05/2025";"10:00:22";2024;"2025-05-04 00:00:00";3100;"PE";"24236";"GOIANA";25;107;1015;2719831;2221745;561525425779506817022755;"561.525.425.779.506.817.";"022.755";"AD04A49F";"2025-04-29 11:15:00";"2025-04-29 13:05:43";2719831;2221745;561525425779506817022755;"561.525.425.779.506.817.";"022.755";"AD04A49F";"2025-04-29 11:15:00";"2025-04-29 13:05:43";"U";"Urna Eletrônica";"#NULO";"ZPE025WKS50";"72E39A3E";"E399A9CE";"ZPE025WKS51";"7E916FF3";"10482C3D"
"05/05/2025";"10:00:22";2024;"2025-05-04 00:00:00";3100;"PE";"24236";"GOIANA";25;108;1422;2719832;2160771;702939679693929835611167;"702.939.679.693.929.835.";"611.167";"AD04A49F";"2025-04-29 11:19:00";"2025-04-29 13:05:44";2719832;2160771;702939679693929835611167;"702.939.679.693.929.835.";"611.167";"AD04A49F";"2025-04-29 11:19:00";"2025-04-29 13:05:44";"U";"Urna Eletrônica";"#NULO";"ZPE025WKS50";"72E39A3E";"E399A9CE";"ZPE025WKS51";"7E916FF3";"10482C3D"
"05/05/2025";"10:00:22";2024;"2025-05-04 00:00:00";3100;"PE";"24236";"GOIANA";25;109;1058;2719833;2194219;440313521067493445540789;"440.313.521.067.493.445.";"540.789";"AD04A49F";"2025-04-29 11:34:00";"2025-04-29 13:05:44";2719898;2179434;642333644449834241567491;"642.333.644.449.834.241.";"567.491";"97B2F55B";"2025-04-29 11:36:00";"2025-04-29 13:05:48";"U";"Urna Eletrônica";"C";"ZPE025WKS50";"72E39A3E";"E399A9CE";"ZPE025WKS51";"7E916FF3";"10482C3D"
"05/05/2025";"10:00:22";2024;"2025-05-04 00:00:00";3100;"PE";"24236";"GOIANA";25;110;1163;2719834;2221674;844353000207243782544834;"844.353.000.207.243.782.";"544.834";"AD04A49F";"2025-04-29 11:39:00";"2025-04-29 13:05:44";2719834;2221674;844353000207243782544834;"844.353.000.207.243.782.";"544.834";"AD04A49F";"2025-04-29 11:39:00";"2025-04-29 13:05:44";"U";"Urna Eletrônica";"#NULO";"ZPE025WKS50";"72E39A3E";"E399A9CE";"ZPE025WKS51";"7E916FF3";"10482C3D"
"05/05/2025";"10:00:22";2024;"2025-05-04 00:00:00";3100;"PE";"24236";"GOIANA";25;111;1090;2719835;2102473;824151095705240772957340;"824.151.095.705.240.772.";"957.340";"AD04A49F";"2025-04-29 11:48:00";"2025-04-29 13:05:44";2719835;2102473;824151095705240772957340;"824.151.095.705.240.772.";"957.340";"AD04A49F";"2025-04-29 11:48:00";"2025-04-29 13:05:44";"U";"Urna Eletrônica";"#NULO";"ZPE025WKS50";"72E39A3E";"E399A9CE";"ZPE025WKS51";"7E916FF3";"10482C3D"
"05/05/2025";"10:00:22";2024;"2025-05-04 00:00:00";3100;"PE";"24236";"GOIANA";25;112;1201;2719836;2184745;500919883773802305148877;"500.919.883.773.802.305.";"148.877";"AD04A49F";"2025-04-29 11:55:00";"2025-04-29 13:05:44";2719836;2184745;500919883773802305148877;"500.919.883.773.802.305.";"148.877";"AD04A49F";"2025-04-29 11:55:00";"2025-04-29 13:05:44";"U";"Urna Eletrônica";"#NULO";"ZPE025WKS50";"72E39A3E";"E399A9CE";"ZPE025WKS51";"7E916FF3";"10482C3D"
"05/05/2025";"10:00:22";2024;"2025-05-04 00:00:00";3100;"PE";"24236";"GOIANA";25;113;1031;2719837;2045700;682737172491365148486131;"682.737.172.491.365.148.";"486.131";"AD04A49F";"2025-04-29 12:01:00";"2025-04-29 13:05:44";2719837;2045700;682737172491365148486131;"682.737.172.491.365.148.";"486.131";"AD04A49F";"2025-04-29 12:01:00";"2025-04-29 13:05:44";"U";"Urna Eletrônica";"#NULO";"ZPE025WKS50";"72E39A3E";"E399A9CE";"ZPE025WKS51";"7E916FF3";"10482C3D"
"05/05/2025";"10:00:22";2024;"2025-05-04 00:00:00";3100;"PE";"24236";"GOIANA";25;114;1058;2719838;2222444;46373648427143640562550;"046.373.648.427.143.640.";"562.550";"AD04A49F";"2025-04-29 12:07:00";"2025-04-29 13:05:44";2719838;2222444;46373648427143640562550;"046.373.648.427.143.640.";"562.550";"AD04A49F";"2025-04-29 12:07:00";"2025-04-29 13:05:44";"U";"Urna Eletrônica";"#NULO";"ZPE025WKS50";"72E39A3E";"E399A9CE";"ZPE025WKS51";"7E916FF3";"10482C3D"
"05/05/2025";"10:00:22";2024;"2025-05-04 00:00:00";3100;"PE";"24236";"GOIANA";25;115;1198;2719998;2171888;834252541096359034005443;"834.252.541.096.359.034.";"005.443";"537F8D5B";"2025-04-29 08:22:00";"2025-04-29 13:11:59";2719998;2171888;834252541096359034005443;"834.252.541.096.359.034.";"005.443";"537F8D5B";"2025-04-29 08:22:00";"2025-04-29 13:11:59";"U";"Urna Eletrônica";"#NULO";"ZPE025WKS50";"72E39A3E";"E399A9CE";"ZPE025WKS51";"7E916FF3";"10482C3D"
"05/05/2025";"10:00:22";2024;"2025-05-04 00:00:00";3100;"PE";"24236";"GOIANA";25;116;1198;2719999;2171997;965565783209613863465387;"965.565.783.209.613.863.";"465.387";"537F8D5B";"2025-04-29 08:50:00";"2025-04-29 13:11:59";2719999;2171997;965565783209613863465387;"965.565.783.209.613.863.";"465.387";"537F8D5B";"2025-04-29 08:50:00";"2025-04-29 13:11:59";"U";"Urna Eletrônica";"#NULO";"ZPE025WKS50";"72E39A3E";"E399A9CE";"ZPE025WKS51";"7E916FF3";"10482C3D"
"05/05/2025";"10:00:22";2024;"2025-05-04 00:00:00";3100;"PE";"24236";"GOIANA";25;117;1015;2720000;2046800;753444684788571422341794;"753.444.684.788.571.422.";"341.794";"537F8D5B";"2025-04-29 09:16:00";"2025-04-29 13:11:59";2720000;2046800;753444684788571422341794;"753.444.684.788.571.422.";"341.794";"537F8D5B";"2025-04-29 09:16:00";"2025-04-29 13:11:59";"U";"Urna Eletrônica";"#NULO";"ZPE025WKS50";"72E39A3E";"E399A9CE";"ZPE025WKS51";"7E916FF3";"10482C3D"
"05/05/2025";"10:00:22";2024;"2025-05-04 00:00:00";3100;"PE";"24236";"GOIANA";25;118;1430;2720001;2163116;460515503659250422655137;"460.515.503.659.250.422.";"655.137";"537F8D5B";"2025-04-29 09:33:00";"2025-04-29 13:11:59";2720001;2163116;460515503659250422655137;"460.515.503.659.250.422.";"655.137";"537F8D5B";"2025-04-29 09:33:00";"2025-04-29 13:11:59";"U";"Urna Eletrônica";"#NULO";"ZPE025WKS50";"72E39A3E";"E399A9CE";"ZPE025WKS51";"7E916FF3";"10482C3D"
"05/05/2025";"10:00:22";2024;"2025-05-04 00:00:00";3100;"PE";"24236";"GOIANA";25;119;1228;2720002;2184893;167585314729925588538206;"167.585.314.729.925.588.";"538.206";"537F8D5B";"2025-04-29 09:50:00";"2025-04-29 13:11:59";2720002;2184893;167585314729925588538206;"167.585.314.729.925.588.";"538.206";"537F8D5B";"2025-04-29 09:50:00";"2025-04-29 13:11:59";"U";"Urna Eletrônica";"#NULO";"ZPE025WKS50";"72E39A3E";"E399A9CE";"ZPE025WKS51";"7E916FF3";"10482C3D"
"05/05/2025";"10:00:22";2024;"2025-05-04 00:00:00";3100;"PE";"24236";"GOIANA";25;120;1015;2720003;2194238;743343975387625746264170;"743.343.975.387.625.746.";"264.170";"537F8D5B";"2025-04-29 10:07:00";"2025-04-29 13:11:59";2720003;2194238;743343975387625746264170;"743.343.975.387.625.746.";"264.170";"537F8D5B";"2025-04-29 10:07:00";"2025-04-29 13:11:59";"U";"Urna Eletrônica";"#NULO";"ZPE025WKS50";"72E39A3E";"E399A9CE";"ZPE025WKS51";"7E916FF3";"10482C3D"
"05/05/2025";"10:00:22";2024;"2025-05-04 00:00:00";3100;"PE";"24236";"GOIANA";25;121;1198;2720004;2173221;137282478726829076382570;"137.282.478.726.829.076.";"382.570";"537F8D5B";"2025-04-29 10:13:00";"2025-04-29 13:12:00";2720004;2173221;137282478726829076382570;"137.282.478.726.829.076.";"382.570";"537F8D5B";"2025-04-29 10:13:00";"2025-04-29 13:12:00";"U";"Urna Eletrônica";"#NULO";"ZPE025WKS50";"72E39A3E";"E399A9CE";"ZPE025WKS51";"7E916FF3";"10482C3D"
"05/05/2025";"10:00:22";2024;"2025-05-04 00:00:00";3100;"PE";"24236";"GOIANA";25;122;1430;2720005;2161012;844353291397627846679232;"844.353.291.397.627.846.";"679.232";"537F8D5B";"2025-04-29 10:23:00";"2025-04-29 13:12:00";2720005;2161012;844353291397627846679232;"844.353.291.397.627.846.";"679.232";"537F8D5B";"2025-04-29 10:23:00";"2025-04-29 13:12:00";"U";"Urna Eletrônica";"#NULO";"ZPE025WKS50";"72E39A3E";"E399A9CE";"ZPE025WKS51";"7E916FF3";"10482C3D"
"05/05/2025";"10:00:22";2024;"2025-05-04 00:00:00";3100;"PE";"24236";"GOIANA";25;123;1236;2720006;2185221;490818055262293037591494;"490.818.055.262.293.037.";"591.494";"537F8D5B";"2025-04-29 10:32:00";"2025-04-29 13:12:00";2720006;2185221;490818055262293037591494;"490.818.055.262.293.037.";"591.494";"537F8D5B";"2025-04-29 10:32:00";"2025-04-29 13:12:00";"U";"Urna Eletrônica";"#NULO";"ZPE025WKS50";"72E39A3E";"E399A9CE";"ZPE025WKS51";"7E916FF3";"10482C3D"
"05/05/2025";"10:00:22";2024;"2025-05-04 00:00:00";3100;"PE";"24236";"GOIANA";25;124;1236;2720007;2222511;531222208066353824564529;"531.222.208.066.353.824.";"564.529";"537F8D5B";"2025-04-29 10:41:00";"2025-04-29 13:12:00";2720007;2222511;531222208066353824564529;"531.222.208.066.353.824.";"564.529";"537F8D5B";"2025-04-29 10:41:00";"2025-04-29 13:12:00";"U";"Urna Eletrônica";"#NULO";"ZPE025WKS50";"72E39A3E";"E399A9CE";"ZPE025WKS51";"7E916FF3";"10482C3D"
"05/05/2025";"10:00:22";2024;"2025-05-04 00:00:00";3100;"PE";"24236";"GOIANA";25;125;1236;2720008;2172519;814050592894724498827565;"814.050.592.894.724.498.";"827.565";"537F8D5B";"2025-04-29 10:51:00";"2025-04-29 13:12:00";2720008;2172519;814050592894724498827565;"814.050.592.894.724.498.";"827.565";"537F8D5B";"2025-04-29 10:51:00";"2025-04-29 13:12:00";"U";"Urna Eletrônica";"#NULO";"ZPE025WKS50";"72E39A3E";"E399A9CE";"ZPE025WKS51";"7E916FF3";"10482C3D"
"05/05/2025";"10:00:22";2024;"2025-05-04 00:00:00";3100;"PE";"24236";"GOIANA";25;126;1236;2720009;2222135;389707279551021340585118;"389.707.279.551.021.340.";"585.118";"537F8D5B";"2025-04-29 11:02:00";"2025-04-29 13:12:00";2720009;2222135;389707279551021340585118;"389.707.279.551.021.340.";"585.118";"537F8D5B";"2025-04-29 11:02:00";"2025-04-29 13:12:00";"U";"Urna Eletrônica";"#NULO";"ZPE025WKS50";"72E39A3E";"E399A9CE";"ZPE025WKS51";"7E916FF3";"10482C3D"
"05/05/2025";"10:00:22";2024;"2025-05-04 00:00:00";3100;"PE";"24236";"GOIANA";25;127;1236;2720010;2185111;228191220735880018350187;"228.191.220.735.880.018.";"350.187";"537F8D5B";"2025-04-29 11:11:00";"2025-04-29 13:12:00";2720010;2185111;228191220735880018350187;"228.191.220.735.880.018.";"350.187";"537F8D5B";"2025-04-29 11:11:00";"2025-04-29 13:12:00";"U";"Urna Eletrônica";"#NULO";"ZPE025WKS50";"72E39A3E";"E399A9CE";"ZPE025WKS51";"7E916FF3";"10482C3D"
"05/05/2025";"10:00:22";2024;"2025-05-04 00:00:00";3100;"PE";"24236";"GOIANA";25;128;1252;2720011;2170793;359404461248452584561715;"359.404.461.248.452.584.";"561.715";"537F8D5B";"2025-04-29 11:26:00";"2025-04-29 13:12:00";2720011;2170793;359404461248452584561715;"359.404.461.248.452.584.";"561.715";"537F8D5B";"2025-04-29 11:26:00";"2025-04-29 13:12:00";"U";"Urna Eletrônica";"#NULO";"ZPE025WKS50";"72E39A3E";"E399A9CE";"ZPE025WKS51";"7E916FF3";"10482C3D"
"05/05/2025";"10:00:22";2024;"2025-05-04 00:00:00";3100;"PE";"24236";"GOIANA";25;129;1252;2720012;2222211;894858119502803010367674;"894.858.119.502.803.010.";"367.674";"537F8D5B";"2025-04-29 11:32:00";"2025-04-29 13:12:00";2720012;2222211;894858119502803010367674;"894.858.119.502.803.010.";"367.674";"537F8D5B";"2025-04-29 11:32:00";"2025-04-29 13:12:00";"U";"Urna Eletrônica";"#NULO";"ZPE025WKS50";"72E39A3E";"E399A9CE";"ZPE025WKS51";"7E916FF3";"10482C3D"
"05/05/2025";"10:00:22";2024;"2025-05-04 00:00:00";3100;"PE";"24236";"GOIANA";25;130;1252;2720013;2160350;975666276410167362394927;"975.666.276.410.167.362.";"394.927";"537F8D5B";"2025-04-29 11:36:00";"2025-04-29 13:12:00";2720013;2160350;975666276410167362394927;"975.666.276.410.167.362.";"394.927";"537F8D5B";"2025-04-29 11:36:00";"2025-04-29 13:12:00";"U";"Urna Eletrônica";"#NULO";"ZPE025WKS50";"72E39A3E";"E399A9CE";"ZPE025WKS51";"7E916FF3";"10482C3D"
"05/05/2025";"10:00:22";2024;"2025-05-04 00:00:00";3100;"PE";"24236";"GOIANA";25;131;1252;2719839;2161631;561525974023361405227503;"561.525.974.023.361.405.";"227.503";"F8259992";"2025-04-29 08:26:00";"2025-04-29 13:05:44";2719839;2161631;561525974023361405227503;"561.525.974.023.361.405.";"227.503";"F8259992";"2025-04-29 08:26:00";"2025-04-29 13:05:44";"U";"Urna Eletrônica";"#NULO";"ZPE025WKS50";"72E39A3E";"E399A9CE";"ZPE025WKS51";"7E916FF3";"10482C3D"
"05/05/2025";"10:00:22";2024;"2025-05-04 00:00:00";3100;"PE";"24236";"GOIANA";25;132;1252;2719840;2181880;430212950910222446811584;"430.212.950.910.222.446.";"811.584";"F8259992";"2025-04-29 08:52:00";"2025-04-29 13:05:44";2719840;2181880;430212950910222446811584;"430.212.950.910.222.446.";"811.584";"F8259992";"2025-04-29 08:52:00";"2025-04-29 13:05:44";"U";"Urna Eletrônica";"#NULO";"ZPE025WKS50";"72E39A3E";"E399A9CE";"ZPE025WKS51";"7E916FF3";"10482C3D"
"05/05/2025";"10:00:22";2024;"2025-05-04 00:00:00";3100;"PE";"24236";"GOIANA";25;133;1252;2719841;2222455;278696902794212417457982;"278.696.902.794.212.417.";"457.982";"F8259992";"2025-04-29 09:09:00";"2025-04-29 13:05:44";2719841;2222455;278696902794212417457982;"278.696.902.794.212.417.";"457.982";"F8259992";"2025-04-29 09:09:00";"2025-04-29 13:05:44";"U";"Urna Eletrônica";"#NULO";"ZPE025WKS50";"72E39A3E";"E399A9CE";"ZPE025WKS51";"7E916FF3";"10482C3D"
"05/05/2025";"10:00:22";2024;"2025-05-04 00:00:00";3100;"PE";"24236";"GOIANA";25;134;1252;2719842;2041667;359404097702330422240695;"359.404.097.702.330.422.";"240.695";"F8259992";"2025-04-29 09:27:00";"2025-04-29 13:05:44";2719842;2041667;359404097702330422240695;"359.404.097.702.330.422.";"240.695";"F8259992";"2025-04-29 09:27:00";"2025-04-29 13:05:44";"U";"Urna Eletrônica";"#NULO";"ZPE025WKS50";"72E39A3E";"E399A9CE";"ZPE025WKS51";"7E916FF3";"10482C3D"
"05/05/2025";"10:00:22";2024;"2025-05-04 00:00:00";3100;"PE";"24236";"GOIANA";25;135;1252;2719843;2165782;440313293511397062381945;"440.313.293.511.397.062.";"381.945";"F8259992";"2025-04-29 09:44:00";"2025-04-29 13:05:44";2719843;2165782;440313293511397062381945;"440.313.293.511.397.062.";"381.945";"F8259992";"2025-04-29 09:44:00";"2025-04-29 13:05:44";"U";"Urna Eletrônica";"#NULO";"ZPE025WKS50";"72E39A3E";"E399A9CE";"ZPE025WKS51";"7E916FF3";"10482C3D"
"05/05/2025";"10:00:22";2024;"2025-05-04 00:00:00";3100;"PE";"24236";"GOIANA";25;136;1260;2719844;2169995;359404311402819862705642;"359.404.311.402.819.862.";"705.642";"F8259992";"2025-04-29 10:01:00";"2025-04-29 13:05:44";2719844;2169995;359404311402819862705642;"359.404.311.402.819.862.";"705.642";"F8259992";"2025-04-29 10:01:00";"2025-04-29 13:05:44";"U";"Urna Eletrônica";"#NULO";"ZPE025WKS50";"72E39A3E";"E399A9CE";"ZPE025WKS51";"7E916FF3";"10482C3D"
"05/05/2025";"10:00:22";2024;"2025-05-04 00:00:00";3100;"PE";"24236";"GOIANA";25;137;1260;2719845;2043730;339202400400230991072015;"339.202.400.400.230.991.";"072.015";"F8259992";"2025-04-29 10:16:00";"2025-04-29 13:05:44";2719845;2043730;339202400400230991072015;"339.202.400.400.230.991.";"072.015";"F8259992";"2025-04-29 10:16:00";"2025-04-29 13:05:44";"U";"Urna Eletrônica";"#NULO";"ZPE025WKS50";"72E39A3E";"E399A9CE";"ZPE025WKS51";"7E916FF3";"10482C3D"
"05/05/2025";"10:00:22";2024;"2025-05-04 00:00:00";3100;"PE";"24236";"GOIANA";25;138;1260;2719846;2184784;117080293378683592553890;"117.080.293.378.683.592.";"553.890";"F8259992";"2025-04-29 10:20:00";"2025-04-29 13:05:45";2719846;2184784;117080293378683592553890;"117.080.293.378.683.592.";"553.890";"F8259992";"2025-04-29 10:20:00";"2025-04-29 13:05:45";"U";"Urna Eletrônica";"#NULO";"ZPE025WKS50";"72E39A3E";"E399A9CE";"ZPE025WKS51";"7E916FF3";"10482C3D"
"05/05/2025";"10:00:22";2024;"2025-05-04 00:00:00";3100;"PE";"24236";"GOIANA";25;139;1260;2719847;2222217;561525851623780474274119;"561.525.851.623.780.474.";"274.119";"F8259992";"2025-04-29 10:38:00";"2025-04-29 13:05:45";2719847;2222217;561525851623780474274119;"561.525.851.623.780.474.";"274.119";"F8259992";"2025-04-29 10:38:00";"2025-04-29 13:05:45";"U";"Urna Eletrônica";"#NULO";"ZPE025WKS50";"72E39A3E";"E399A9CE";"ZPE025WKS51";"7E916FF3";"10482C3D"
"05/05/2025";"10:00:22";2024;"2025-05-04 00:00:00";3100;"PE";"24236";"GOIANA";25;140;1260;2719848;2181046;844353210451012340217768;"844.353.210.451.012.340.";"217.768";"F8259992";"2025-04-29 10:46:00";"2025-04-29 13:05:45";2719848;2181046;844353210451012340217768;"844.353.210.451.012.340.";"217.768";"F8259992";"2025-04-29 10:46:00";"2025-04-29 13:05:45";"U";"Urna Eletrônica";"#NULO";"ZPE025WKS50";"72E39A3E";"E399A9CE";"ZPE025WKS51";"7E916FF3";"10482C3D"
"05/05/2025";"10:00:22";2024;"2025-05-04 00:00:00";3100;"PE";"24236";"GOIANA";25;141;1260;2719849;2194192;147383629881787365811960;"147.383.629.881.787.365.";"811.960";"F8259992";"2025-04-29 11:02:00";"2025-04-29 13:05:45";2719849;2194192;147383629881787365811960;"147.383.629.881.787.365.";"811.960";"F8259992";"2025-04-29 11:02:00";"2025-04-29 13:05:45";"U";"Urna Eletrônica";"#NULO";"ZPE025WKS50";"72E39A3E";"E399A9CE";"ZPE025WKS51";"7E916FF3";"10482C3D"
"05/05/2025";"10:00:22";2024;"2025-05-04 00:00:00";3100;"PE";"24236";"GOIANA";25;142;1449;2719850;2222318;551424143122546542366525;"551.424.143.122.546.542.";"366.525";"F8259992";"2025-04-29 11:07:00";"2025-04-29 13:05:45";2719850;2222318;551424143122546542366525;"551.424.143.122.546.542.";"366.525";"F8259992";"2025-04-29 11:07:00";"2025-04-29 13:05:45";"U";"Urna Eletrônica";"#NULO";"ZPE025WKS50";"72E39A3E";"E399A9CE";"ZPE025WKS51";"7E916FF3";"10482C3D"
"05/05/2025";"10:00:22";2024;"2025-05-04 00:00:00";3100;"PE";"24236";"GOIANA";25;143;1449;2719851;2038617;157484855482379991594102;"157.484.855.482.379.991.";"594.102";"F8259992";"2025-04-29 11:19:00";"2025-04-29 13:05:45";2719851;2038617;157484855482379991594102;"157.484.855.482.379.991.";"594.102";"F8259992";"2025-04-29 11:19:00";"2025-04-29 13:05:45";"U";"Urna Eletrônica";"#NULO";"ZPE025WKS50";"72E39A3E";"E399A9CE";"ZPE025WKS51";"7E916FF3";"10482C3D"
"05/05/2025";"10:00:22";2024;"2025-05-04 00:00:00";3100;"PE";"24236";"GOIANA";25;144;1449;2719852;2043775;238292048390403798702745;"238.292.048.390.403.798.";"702.745";"F8259992";"2025-04-29 11:27:00";"2025-04-29 13:05:45";2719852;2043775;238292048390403798702745;"238.292.048.390.403.798.";"702.745";"F8259992";"2025-04-29 11:27:00";"2025-04-29 13:05:45";"U";"Urna Eletrônica";"#NULO";"ZPE025WKS50";"72E39A3E";"E399A9CE";"ZPE025WKS51";"7E916FF3";"10482C3D"
"05/05/2025";"10:00:22";2024;"2025-05-04 00:00:00";3100;"PE";"24236";"GOIANA";25;145;1287;2719853;2179363;26171949969287819261375;"026.171.949.969.287.819.";"261.375";"F8259992";"2025-04-29 11:37:00";"2025-04-29 13:05:45";2719853;2179363;26171949969287819261375;"026.171.949.969.287.819.";"261.375";"F8259992";"2025-04-29 11:37:00";"2025-04-29 13:05:45";"U";"Urna Eletrônica";"#NULO";"ZPE025WKS50";"72E39A3E";"E399A9CE";"ZPE025WKS51";"7E916FF3";"10482C3D"
"05/05/2025";"10:00:22";2024;"2025-05-04 00:00:00";3100;"PE";"24236";"GOIANA";25;146;1287;2719854;2172604;945363979261150985232326;"945.363.979.261.150.985.";"232.326";"F8259992";"2025-04-29 11:45:00";"2025-04-29 13:05:45";2719854;2172604;945363979261150985232326;"945.363.979.261.150.985.";"232.326";"F8259992";"2025-04-29 11:45:00";"2025-04-29 13:05:45";"U";"Urna Eletrônica";"#NULO";"ZPE025WKS50";"72E39A3E";"E399A9CE";"ZPE025WKS51";"7E916FF3";"10482C3D"
"05/05/2025";"10:00:22";2024;"2025-05-04 00:00:00";3100;"PE";"24236";"GOIANA";25;147;1287;2719855;2172629;187787328360989302741626;"187.787.328.360.989.302.";"741.626";"84355E0B";"2025-04-29 08:26:00";"2025-04-29 13:05:45";2719855;2172629;187787328360989302741626;"187.787.328.360.989.302.";"741.626";"84355E0B";"2025-04-29 08:26:00";"2025-04-29 13:05:45";"U";"Urna Eletrônica";"#NULO";"ZPE025WKS50";"72E39A3E";"E399A9CE";"ZPE025WKS51";"7E916FF3";"10482C3D"
"05/05/2025";"10:00:22";2024;"2025-05-04 00:00:00";3100;"PE";"24236";"GOIANA";25;148;1287;2719856;2222347;793848047921076531365777;"793.848.047.921.076.531.";"365.777";"84355E0B";"2025-04-29 08:59:00";"2025-04-29 13:05:45";2719856;2222347;793848047921076531365777;"793.848.047.921.076.531.";"365.777";"84355E0B";"2025-04-29 08:59:00";"2025-04-29 13:05:45";"U";"Urna Eletrônica";"#NULO";"ZPE025WKS50";"72E39A3E";"E399A9CE";"ZPE025WKS51";"7E916FF3";"10482C3D"
"05/05/2025";"10:00:22";2024;"2025-05-04 00:00:00";3100;"PE";"24236";"GOIANA";25;149;1287;2719857;2221444;814050175223861184099490;"814.050.175.223.861.184.";"099.490";"84355E0B";"2025-04-29 09:28:00";"2025-04-29 13:05:45";2719857;2221444;814050175223861184099490;"814.050.175.223.861.184.";"099.490";"84355E0B";"2025-04-29 09:28:00";"2025-04-29 13:05:45";"U";"Urna Eletrônica";"#NULO";"ZPE025WKS50";"72E39A3E";"E399A9CE";"ZPE025WKS51";"7E916FF3";"10482C3D"
"05/05/2025";"10:00:22";2024;"2025-05-04 00:00:00";3100;"PE";"24236";"GOIANA";25;150;1295;2719858;2043718;46373482546209864175310;"046.373.482.546.209.864.";"175.310";"84355E0B";"2025-04-29 09:47:00";"2025-04-29 13:05:45";2719858;2043718;46373482546209864175310;"046.373.482.546.209.864.";"175.310";"84355E0B";"2025-04-29 09:47:00";"2025-04-29 13:05:45";"U";"Urna Eletrônica";"#NULO";"ZPE025WKS50";"72E39A3E";"E399A9CE";"ZPE025WKS51";"7E916FF3";"10482C3D"
"05/05/2025";"10:00:22";2024;"2025-05-04 00:00:00";3100;"PE";"24236";"GOIANA";25;151;1295;2719859;2193440;692838249211713938898964;"692.838.249.211.713.938.";"898.964";"84355E0B";"2025-04-29 10:09:00";"2025-04-29 13:05:45";2719859;2193440;692838249211713938898964;"692.838.249.211.713.938.";"898.964";"84355E0B";"2025-04-29 10:09:00";"2025-04-29 13:05:45";"U";"Urna Eletrônica";"#NULO";"ZPE025WKS50";"72E39A3E";"E399A9CE";"ZPE025WKS51";"7E916FF3";"10482C3D"
"05/05/2025";"10:00:22";2024;"2025-05-04 00:00:00";3100;"PE";"24236";"GOIANA";25;152;1295;2719860;2044031;319000977173506284902153;"319.000.977.173.506.284.";"902.153";"84355E0B";"2025-04-29 10:55:00";"2025-04-29 13:05:46";2719860;2044031;319000977173506284902153;"319.000.977.173.506.284.";"902.153";"84355E0B";"2025-04-29 10:55:00";"2025-04-29 13:05:46";"U";"Urna Eletrônica";"#NULO";"ZPE025WKS50";"72E39A3E";"E399A9CE";"ZPE025WKS51";"7E916FF3";"10482C3D"
"05/05/2025";"10:00:22";2024;"2025-05-04 00:00:00";3100;"PE";"24236";"GOIANA";25;153;1295;2719861;2191404;157484921257115361673156;"157.484.921.257.115.361.";"673.156";"84355E0B";"2025-04-29 10:43:00";"2025-04-29 13:05:46";2719861;2191404;157484921257115361673156;"157.484.921.257.115.361.";"673.156";"84355E0B";"2025-04-29 10:43:00";"2025-04-29 13:05:46";"U";"Urna Eletrônica";"#NULO";"ZPE025WKS50";"72E39A3E";"E399A9CE";"ZPE025WKS51";"7E916FF3";"10482C3D"
"05/05/2025";"10:00:22";2024;"2025-05-04 00:00:00";3100;"PE";"24236";"GOIANA";25;154;1309;2719862;2172667;379606252879949043319156;"379.606.252.879.949.043.";"319.156";"84355E0B";"2025-04-29 11:01:00";"2025-04-29 13:05:46";2719862;2172667;379606252879949043319156;"379.606.252.879.949.043.";"319.156";"84355E0B";"2025-04-29 11:01:00";"2025-04-29 13:05:46";"U";"Urna Eletrônica";"#NULO";"ZPE025WKS50";"72E39A3E";"E399A9CE";"ZPE025WKS51";"7E916FF3";"10482C3D"
"05/05/2025";"10:00:22";2024;"2025-05-04 00:00:00";3100;"PE";"24236";"GOIANA";25;155;1309;2719863;2159261;440313439486283612348472;"440.313.439.486.283.612.";"348.472";"84355E0B";"2025-04-29 11:31:00";"2025-04-29 13:05:46";2719863;2159261;440313439486283612348472;"440.313.439.486.283.612.";"348.472";"84355E0B";"2025-04-29 11:31:00";"2025-04-29 13:05:46";"U";"Urna Eletrônica";"#NULO";"ZPE025WKS50";"72E39A3E";"E399A9CE";"ZPE025WKS51";"7E916FF3";"10482C3D"
"05/05/2025";"10:00:22";2024;"2025-05-04 00:00:00";3100;"PE";"24236";"GOIANA";25;156;1309;2719864;2172225;137282231455189450169838;"137.282.231.455.189.450.";"169.838";"84355E0B";"2025-04-29 11:34:00";"2025-04-29 13:05:46";2719864;2172225;137282231455189450169838;"137.282.231.455.189.450.";"169.838";"84355E0B";"2025-04-29 11:34:00";"2025-04-29 13:05:46";"U";"Urna Eletrônica";"#NULO";"ZPE025WKS50";"72E39A3E";"E399A9CE";"ZPE025WKS51";"7E916FF3";"10482C3D"
"05/05/2025";"10:00:22";2024;"2025-05-04 00:00:00";3100;"PE";"24236";"GOIANA";25;157;1317;2719865;2184962;359404563177779047461065;"359.404.563.177.779.047.";"461.065";"84355E0B";"2025-04-29 11:48:00";"2025-04-29 13:05:46";2719865;2184962;359404563177779047461065;"359.404.563.177.779.047.";"461.065";"84355E0B";"2025-04-29 11:48:00";"2025-04-29 13:05:46";"U";"Urna Eletrônica";"#NULO";"ZPE025WKS50";"72E39A3E";"E399A9CE";"ZPE025WKS51";"7E916FF3";"10482C3D"
"05/05/2025";"10:00:22";2024;"2025-05-04 00:00:00";3100;"PE";"24236";"GOIANA";25;158;1317;2719866;2154079;834252155725921483807757;"834.252.155.725.921.483.";"807.757";"84355E0B";"2025-04-29 11:52:00";"2025-04-29 13:05:46";2719866;2154079;834252155725921483807757;"834.252.155.725.921.483.";"807.757";"84355E0B";"2025-04-29 11:52:00";"2025-04-29 13:05:46";"U";"Urna Eletrônica";"#NULO";"ZPE025WKS50";"72E39A3E";"E399A9CE";"ZPE025WKS51";"7E916FF3";"10482C3D"
"05/05/2025";"10:00:22";2024;"2025-05-04 00:00:00";3100;"PE";"24236";"GOIANA";25;159;1317;2719867;2194109;824151253024574992784101;"824.151.253.024.574.992.";"784.101";"84355E0B";"2025-04-29 12:02:00";"2025-04-29 13:05:46";2719867;2194109;824151253024574992784101;"824.151.253.024.574.992.";"784.101";"84355E0B";"2025-04-29 12:02:00";"2025-04-29 13:05:46";"U";"Urna Eletrônica";"#NULO";"ZPE025WKS50";"72E39A3E";"E399A9CE";"ZPE025WKS51";"7E916FF3";"10482C3D"
"05/05/2025";"10:00:22";2024;"2025-05-04 00:00:00";3100;"PE";"24236";"GOIANA";25;160;1392;2719868;2161175;76676583649317205693014;"076.676.583.649.317.205.";"693.014";"84355E0B";"2025-04-29 12:09:00";"2025-04-29 13:05:46";2719868;2161175;76676583649317205693014;"076.676.583.649.317.205.";"693.014";"84355E0B";"2025-04-29 12:09:00";"2025-04-29 13:05:46";"U";"Urna Eletrônica";"#NULO";"ZPE025WKS50";"72E39A3E";"E399A9CE";"ZPE025WKS51";"7E916FF3";"10482C3D"
"05/05/2025";"10:00:22";2024;"2025-05-04 00:00:00";3100;"PE";"24236";"GOIANA";25;161;1333;2719869;2185711;662535289308853421618121;"662.535.289.308.853.421.";"618.121";"84355E0B";"2025-04-29 12:17:00";"2025-04-29 13:05:46";2719869;2185711;662535289308853421618121;"662.535.289.308.853.421.";"618.121";"84355E0B";"2025-04-29 12:17:00";"2025-04-29 13:05:46";"U";"Urna Eletrônica";"#NULO";"ZPE025WKS50";"72E39A3E";"E399A9CE";"ZPE025WKS51";"7E916FF3";"10482C3D"
"05/05/2025";"10:00:22";2024;"2025-05-04 00:00:00";3100;"PE";"24236";"GOIANA";25;162;1333;2719870;2160552;975666709639047433564499;"975.666.709.639.047.433.";"564.499";"84355E0B";"2025-04-29 12:24:00";"2025-04-29 13:05:46";2719870;2160552;975666709639047433564499;"975.666.709.639.047.433.";"564.499";"84355E0B";"2025-04-29 12:24:00";"2025-04-29 13:05:46";"U";"Urna Eletrônica";"#NULO";"ZPE025WKS50";"72E39A3E";"E399A9CE";"ZPE025WKS51";"7E916FF3";"10482C3D"
"05/05/2025";"10:00:22";2024;"2025-05-04 00:00:00";3100;"PE";"24236";"GOIANA";25;163;1333;2719871;2025051;389707228780047572826836;"389.707.228.780.047.572.";"826.836";"084E709E";"2025-04-29 08:24:00";"2025-04-29 13:05:46";2719871;2025051;389707228780047572826836;"389.707.228.780.047.572.";"826.836";"084E709E";"2025-04-29 08:24:00";"2025-04-29 13:05:46";"U";"Urna Eletrônica";"#NULO";"ZPE025WKS50";"72E39A3E";"E399A9CE";"ZPE025WKS51";"7E916FF3";"10482C3D"
"05/05/2025";"10:00:22";2024;"2025-05-04 00:00:00";3100;"PE";"24236";"GOIANA";25;164;1333;2719872;2171716;925161871734785980736421;"925.161.871.734.785.980.";"736.421";"084E709E";"2025-04-29 08:53:00";"2025-04-29 13:05:46";2719872;2171716;925161871734785980736421;"925.161.871.734.785.980.";"736.421";"084E709E";"2025-04-29 08:53:00";"2025-04-29 13:05:46";"U";"Urna Eletrônica";"#NULO";"ZPE025WKS50";"72E39A3E";"E399A9CE";"ZPE025WKS51";"7E916FF3";"10482C3D"
"05/05/2025";"10:00:22";2024;"2025-05-04 00:00:00";3100;"PE";"24236";"GOIANA";25;165;1333;2719873;2170866;652434714307267526429861;"652.434.714.307.267.526.";"429.861";"084E709E";"2025-04-29 09:13:00";"2025-04-29 13:05:47";2719873;2170866;652434714307267526429861;"652.434.714.307.267.526.";"429.861";"084E709E";"2025-04-29 09:13:00";"2025-04-29 13:05:47";"U";"Urna Eletrônica";"#NULO";"ZPE025WKS50";"72E39A3E";"E399A9CE";"ZPE025WKS51";"7E916FF3";"10482C3D"
"05/05/2025";"10:00:22";2024;"2025-05-04 00:00:00";3100;"PE";"24236";"GOIANA";25;166;1333;2719874;2045694;288797451270006680653970;"288.797.451.270.006.680.";"653.970";"084E709E";"2025-04-29 09:32:00";"2025-04-29 13:05:47";2719874;2045694;288797451270006680653970;"288.797.451.270.006.680.";"653.970";"084E709E";"2025-04-29 09:32:00";"2025-04-29 13:05:47";"U";"Urna Eletrônica";"#NULO";"ZPE025WKS50";"72E39A3E";"E399A9CE";"ZPE025WKS51";"7E916FF3";"10482C3D"
"05/05/2025";"10:00:22";2024;"2025-05-04 00:00:00";3100;"PE";"24236";"GOIANA";25;167;1341;2719875;2043236;490818773991329459322695;"490.818.773.991.329.459.";"322.695";"084E709E";"2025-04-29 09:51:00";"2025-04-29 13:05:47";2719875;2043236;490818773991329459322695;"490.818.773.991.329.459.";"322.695";"084E709E";"2025-04-29 09:51:00";"2025-04-29 13:05:47";"U";"Urna Eletrônica";"#NULO";"ZPE025WKS50";"72E39A3E";"E399A9CE";"ZPE025WKS51";"7E916FF3";"10482C3D"
"05/05/2025";"10:00:22";2024;"2025-05-04 00:00:00";3100;"PE";"24236";"GOIANA";25;168;1341;2719876;2193291;207989599362227023767025;"207.989.599.362.227.023.";"767.025";"084E709E";"2025-04-29 10:09:00";"2025-04-29 13:05:47";2719876;2193291;207989599362227023767025;"207.989.599.362.227.023.";"767.025";"084E709E";"2025-04-29 10:09:00";"2025-04-29 13:05:47";"U";"Urna Eletrônica";"#NULO";"ZPE025WKS50";"72E39A3E";"E399A9CE";"ZPE025WKS51";"7E916FF3";"10482C3D"
"05/05/2025";"10:00:22";2024;"2025-05-04 00:00:00";3100;"PE";"24236";"GOIANA";25;169;1341;2719877;2193009;824151321424958258137240;"824.151.321.424.958.258.";"137.240";"084E709E";"2025-04-29 10:28:00";"2025-04-29 13:05:47";2719877;2193009;824151321424958258137240;"824.151.321.424.958.258.";"137.240";"084E709E";"2025-04-29 10:28:00";"2025-04-29 13:05:47";"U";"Urna Eletrônica";"#NULO";"ZPE025WKS50";"72E39A3E";"E399A9CE";"ZPE025WKS51";"7E916FF3";"10482C3D"
"05/05/2025";"10:00:22";2024;"2025-05-04 00:00:00";3100;"PE";"24236";"GOIANA";25;170;1350;2719878;2043787;379606952679479971096627;"379.606.952.679.479.971.";"096.627";"084E709E";"2025-04-29 10:45:00";"2025-04-29 13:05:47";2719878;2043787;379606952679479971096627;"379.606.952.679.479.971.";"096.627";"084E709E";"2025-04-29 10:45:00";"2025-04-29 13:05:47";"U";"Urna Eletrônica";"#NULO";"ZPE025WKS50";"72E39A3E";"E399A9CE";"ZPE025WKS51";"7E916FF3";"10482C3D"
"05/05/2025";"10:00:22";2024;"2025-05-04 00:00:00";3100;"PE";"24236";"GOIANA";25;171;1350;2719879;2160926;379606066779948037658286;"379.606.066.779.948.037.";"658.286";"084E709E";"2025-04-29 11:01:00";"2025-04-29 13:05:47";2719879;2160926;379606066779948037658286;"379.606.066.779.948.037.";"658.286";"084E709E";"2025-04-29 11:01:00";"2025-04-29 13:05:47";"U";"Urna Eletrônica";"#NULO";"ZPE025WKS50";"72E39A3E";"E399A9CE";"ZPE025WKS51";"7E916FF3";"10482C3D"
"05/05/2025";"10:00:22";2024;"2025-05-04 00:00:00";3100;"PE";"24236";"GOIANA";25;172;1350;2719880;2041487;551424350597772486228348;"551.424.350.597.772.486.";"228.348";"084E709E";"2025-04-29 11:19:00";"2025-04-29 13:05:47";2719880;2041487;551424350597772486228348;"551.424.350.597.772.486.";"228.348";"084E709E";"2025-04-29 11:19:00";"2025-04-29 13:05:47";"U";"Urna Eletrônica";"#NULO";"ZPE025WKS50";"72E39A3E";"E399A9CE";"ZPE025WKS51";"7E916FF3";"10482C3D"
"05/05/2025";"10:00:22";2024;"2025-05-04 00:00:00";3100;"PE";"24236";"GOIANA";25;173;1376;2719881;2194108;490818408891686046862253;"490.818.408.891.686.046.";"862.253";"084E709E";"2025-04-29 11:36:00";"2025-04-29 13:05:47";2719881;2194108;490818408891686046862253;"490.818.408.891.686.046.";"862.253";"084E709E";"2025-04-29 11:36:00";"2025-04-29 13:05:47";"U";"Urna Eletrônica";"#NULO";"ZPE025WKS50";"72E39A3E";"E399A9CE";"ZPE025WKS51";"7E916FF3";"10482C3D"
"05/05/2025";"10:00:22";2024;"2025-05-04 00:00:00";3100;"PE";"24236";"GOIANA";25;174;1376;2720033;2040963;733242759115239542975572;"733.242.759.115.239.542.";"975.572";"084E709E";"2025-05-03 10:37:00";"2025-05-03 12:02:05";2720033;2040963;733242759115239542975572;"733.242.759.115.239.542.";"975.572";"084E709E";"2025-05-03 10:37:00";"2025-05-03 12:02:05";"U";"Urna Eletrônica";"#NULO";"ZPE025WKS50";"72E39A3E";"E399A9CE";"ZPE025WKS05";"340FAFB4";"09FCEDB6"
"05/05/2025";"10:00:22";2024;"2025-05-04 00:00:00";3100;"PE";"24236";"GOIANA";25;175;1376;2719883;2045649;359404480977795640468227;"359.404.480.977.795.640.";"468.227";"084E709E";"2025-04-29 11:57:00";"2025-04-29 13:05:47";2719883;2045649;359404480977795640468227;"359.404.480.977.795.640.";"468.227";"084E709E";"2025-04-29 11:57:00";"2025-04-29 13:05:47";"U";"Urna Eletrônica";"#NULO";"ZPE025WKS50";"72E39A3E";"E399A9CE";"ZPE025WKS51";"7E916FF3";"10482C3D"
"05/05/2025";"10:00:22";2024;"2025-05-04 00:00:00";3100;"PE";"24236";"GOIANA";25;176;1376;2719884;2180666;682737924310431937130331;"682.737.924.310.431.937.";"130.331";"084E709E";"2025-04-29 12:02:00";"2025-04-29 13:05:47";2719884;2180666;682737924310431937130331;"682.737.924.310.431.937.";"130.331";"084E709E";"2025-04-29 12:02:00";"2025-04-29 13:05:47";"U";"Urna Eletrônica";"#NULO";"ZPE025WKS50";"72E39A3E";"E399A9CE";"ZPE025WKS51";"7E916FF3";"10482C3D"
"05/05/2025";"10:00:22";2024;"2025-05-04 00:00:00";3100;"PE";"24236";"GOIANA";25;177;1376;2719885;2161440;409909751282106518253338;"409.909.751.282.106.518.";"253.338";"084E709E";"2025-04-29 12:10:00";"2025-04-29 13:05:47";2719885;2161440;409909751282106518253338;"409.909.751.282.106.518.";"253.338";"084E709E";"2025-04-29 12:10:00";"2025-04-29 13:05:47";"U";"Urna Eletrônica";"#NULO";"ZPE025WKS50";"72E39A3E";"E399A9CE";"ZPE025WKS51";"7E916FF3";"10482C3D"
"05/05/2025";"10:00:22";2024;"2025-05-04 00:00:00";3100;"PE";"24236";"GOIANA";25;178;1376;2719886;2173683;218090670763191134340298;"218.090.670.763.191.134.";"340.298";"084E709E";"2025-04-29 12:14:00";"2025-04-29 13:05:48";2719886;2173683;218090670763191134340298;"218.090.670.763.191.134.";"340.298";"084E709E";"2025-04-29 12:14:00";"2025-04-29 13:05:48";"U";"Urna Eletrônica";"#NULO";"ZPE025WKS50";"72E39A3E";"E399A9CE";"ZPE025WKS51";"7E916FF3";"10482C3D"
"05/05/2025";"10:00:22";2024;"2025-05-04 00:00:00";3100;"PE";"24236";"GOIANA";25;179;1376;2719915;2175255;197888768036993115693187;"197.888.768.036.993.115.";"693.187";"792254C2";"2025-04-29 08:26:00";"2025-04-29 13:18:38";2719915;2175255;197888768036993115693187;"197.888.768.036.993.115.";"693.187";"792254C2";"2025-04-29 08:26:00";"2025-04-29 13:18:38";"U";"Urna Eletrônica";"#NULO";"ZPE025WKS50";"72E39A3E";"E399A9CE";"ZPE025WKS51";"7E916FF3";"10482C3D"
"05/05/2025";"10:00:22";2024;"2025-05-04 00:00:00";3100;"PE";"24236";"GOIANA";25;180;1376;2719916;2222119;5969657117210077360763;"005.969.657.117.210.077.";"360.763";"792254C2";"2025-04-29 08:58:00";"2025-04-29 13:18:39";2719916;2222119;5969657117210077360763;"005.969.657.117.210.077.";"360.763";"792254C2";"2025-04-29 08:58:00";"2025-04-29 13:18:39";"U";"Urna Eletrônica";"#NULO";"ZPE025WKS50";"72E39A3E";"E399A9CE";"ZPE025WKS51";"7E916FF3";"10482C3D"
"05/05/2025";"10:00:22";2024;"2025-05-04 00:00:00";3100;"PE";"24236";"GOIANA";25;181;1376;2719917;2160112;793848550696775875387910;"793.848.550.696.775.875.";"387.910";"792254C2";"2025-04-29 09:27:00";"2025-04-29 13:18:39";2719917;2160112;793848550696775875387910;"793.848.550.696.775.875.";"387.910";"792254C2";"2025-04-29 09:27:00";"2025-04-29 13:18:39";"U";"Urna Eletrônica";"#NULO";"ZPE025WKS50";"72E39A3E";"E399A9CE";"ZPE025WKS51";"7E916FF3";"10482C3D"
"05/05/2025";"10:00:22";2024;"2025-05-04 00:00:00";3100;"PE";"24236";"GOIANA";25;182;1376;2719918;2171710;773646644894931193993739;"773.646.644.894.931.193.";"993.739";"792254C2";"2025-04-29 09:47:00";"2025-04-29 13:18:39";2719918;2171710;773646644894931193993739;"773.646.644.894.931.193.";"993.739";"792254C2";"2025-04-29 09:47:00";"2025-04-29 13:18:39";"U";"Urna Eletrônica";"#NULO";"ZPE025WKS50";"72E39A3E";"E399A9CE";"ZPE025WKS51";"7E916FF3";"10482C3D"
"05/05/2025";"10:00:22";2024;"2025-05-04 00:00:00";3100;"PE";"24236";"GOIANA";25;183;1392;2719919;2181842;16070994118560072991636;"016.070.994.118.560.072.";"991.636";"792254C2";"2025-04-29 10:11:00";"2025-04-29 13:18:39";2719919;2181842;16070994118560072991636;"016.070.994.118.560.072.";"991.636";"792254C2";"2025-04-29 10:11:00";"2025-04-29 13:18:39";"U";"Urna Eletrônica";"#NULO";"ZPE025WKS50";"72E39A3E";"E399A9CE";"ZPE025WKS51";"7E916FF3";"10482C3D"
"05/05/2025";"10:00:22";2024;"2025-05-04 00:00:00";3100;"PE";"24236";"GOIANA";25;184;1414;2719920;2223866;106979196727396644705001;"106.979.196.727.396.644.";"705.001";"792254C2";"2025-04-29 10:39:00";"2025-04-29 13:18:39";2719920;2223866;106979196727396644705001;"106.979.196.727.396.644.";"705.001";"792254C2";"2025-04-29 10:39:00";"2025-04-29 13:18:39";"U";"Urna Eletrônica";"#NULO";"ZPE025WKS50";"72E39A3E";"E399A9CE";"ZPE025WKS51";"7E916FF3";"10482C3D"
"05/05/2025";"10:00:22";2024;"2025-05-04 00:00:00";3100;"PE";"24236";"GOIANA";25;185;1112;2719921;2023352;36272236420537182059768;"036.272.236.420.537.182.";"059.768";"792254C2";"2025-04-29 11:00:00";"2025-04-29 13:18:39";2719921;2023352;36272236420537182059768;"036.272.236.420.537.182.";"059.768";"792254C2";"2025-04-29 11:00:00";"2025-04-29 13:18:39";"U";"Urna Eletrônica";"#NULO";"ZPE025WKS50";"72E39A3E";"E399A9CE";"ZPE025WKS51";"7E916FF3";"10482C3D"
"05/05/2025";"10:00:22";2024;"2025-05-04 00:00:00";3100;"PE";"24236";"GOIANA";25;186;1287;2719922;2161194;460515778863216127656216;"460.515.778.863.216.127.";"656.216";"792254C2";"2025-04-29 11:21:00";"2025-04-29 13:18:39";2719922;2161194;460515778863216127656216;"460.515.778.863.216.127.";"656.216";"792254C2";"2025-04-29 11:21:00";"2025-04-29 13:18:39";"U";"Urna Eletrônica";"#NULO";"ZPE025WKS50";"72E39A3E";"E399A9CE";"ZPE025WKS51";"7E916FF3";"10482C3D"
"05/05/2025";"10:00:22";2024;"2025-05-04 00:00:00";3100;"PE";"24236";"GOIANA";25;187;1201;2719923;2221222;945363361111012159225060;"945.363.361.111.012.159.";"225.060";"792254C2";"2025-04-29 11:43:00";"2025-04-29 13:18:39";2719923;2221222;945363361111012159225060;"945.363.361.111.012.159.";"225.060";"792254C2";"2025-04-29 11:43:00";"2025-04-29 13:18:39";"U";"Urna Eletrônica";"#NULO";"ZPE025WKS50";"72E39A3E";"E399A9CE";"ZPE025WKS51";"7E916FF3";"10482C3D"
"05/05/2025";"10:00:22";2024;"2025-05-04 00:00:00";3100;"PE";"24236";"GOIANA";25;188;1333;2719924;2192622;955464481912236097282836;"955.464.481.912.236.097.";"282.836";"792254C2";"2025-04-29 11:46:00";"2025-04-29 13:18:39";2719924;2192622;955464481912236097282836;"955.464.481.912.236.097.";"282.836";"792254C2";"2025-04-29 11:46:00";"2025-04-29 13:18:39";"U";"Urna Eletrônica";"#NULO";"ZPE025WKS50";"72E39A3E";"E399A9CE";"ZPE025WKS51";"7E916FF3";"10482C3D"
"05/05/2025";"10:00:22";2024;"2025-05-04 00:00:00";3100;"PE";"24236";"GOIANA";25;189;1210;2719925;2044223;894858535006924219259367;"894.858.535.006.924.219.";"259.367";"792254C2";"2025-04-29 12:06:00";"2025-04-29 13:18:39";2719925;2044223;894858535006924219259367;"894.858.535.006.924.219.";"259.367";"792254C2";"2025-04-29 12:06:00";"2025-04-29 13:18:39";"U";"Urna Eletrônica";"#NULO";"ZPE025WKS50";"72E39A3E";"E399A9CE";"ZPE025WKS51";"7E916FF3";"10482C3D"
"05/05/2025";"10:00:22";2024;"2025-05-04 00:00:00";3100;"PE";"24236";"GOIANA";25;191;1090;2719926;2045982;147383979031407673957599;"147.383.979.031.407.673.";"957.599";"792254C2";"2025-04-29 12:18:00";"2025-04-29 13:18:39";2719926;2045982;147383979031407673957599;"147.383.979.031.407.673.";"957.599";"792254C2";"2025-04-29 12:18:00";"2025-04-29 13:18:39";"U";"Urna Eletrônica";"#NULO";"ZPE025WKS50";"72E39A3E";"E399A9CE";"ZPE025WKS51";"7E916FF3";"10482C3D"
"05/05/2025";"10:00:22";2024;"2025-05-04 00:00:00";3100;"PE";"24236";"GOIANA";25;193;1139;2719927;2045513;783747835895995645719698;"783.747.835.895.995.645.";"719.698";"792254C2";"2025-04-29 12:26:00";"2025-04-29 13:18:39";2719927;2045513;783747835895995645719698;"783.747.835.895.995.645.";"719.698";"792254C2";"2025-04-29 12:26:00";"2025-04-29 13:18:39";"U";"Urna Eletrônica";"#NULO";"ZPE025WKS50";"72E39A3E";"E399A9CE";"ZPE025WKS51";"7E916FF3";"10482C3D"
"05/05/2025";"10:00:22";2024;"2025-05-04 00:00:00";3100;"PE";"24236";"GOIANA";25;194;1163;2719928;2223885;238292399340189696554698;"238.292.399.340.189.696.";"554.698";"792254C2";"2025-04-29 12:31:00";"2025-04-29 13:18:39";2719928;2223885;238292399340189696554698;"238.292.399.340.189.696.";"554.698";"792254C2";"2025-04-29 12:31:00";"2025-04-29 13:18:39";"U";"Urna Eletrônica";"#NULO";"ZPE025WKS50";"72E39A3E";"E399A9CE";"ZPE025WKS51";"7E916FF3";"10482C3D"
"05/05/2025";"10:00:22";2024;"2025-05-04 00:00:00";3100;"PE";"24236";"GOIANA";25;195;1074;2719929;2172196;450414722562496871906002;"450.414.722.562.496.871.";"906.002";"792254C2";"2025-04-29 12:41:00";"2025-04-29 13:18:39";2719929;2172196;450414722562496871906002;"450.414.722.562.496.871.";"906.002";"792254C2";"2025-04-29 12:41:00";"2025-04-29 13:18:39";"U";"Urna Eletrônica";"#NULO";"ZPE025WKS50";"72E39A3E";"E399A9CE";"ZPE025WKS51";"7E916FF3";"10482C3D"
"05/05/2025";"10:00:22";2024;"2025-05-04 00:00:00";3100;"PE";"24236";"GOIANA";25;196;1015;2719930;2160788;955464339512556551259829;"955.464.339.512.556.551.";"259.829";"792254C2";"2025-04-29 12:49:00";"2025-04-29 13:18:39";2719930;2160788;955464339512556551259829;"955.464.339.512.556.551.";"259.829";"792254C2";"2025-04-29 12:49:00";"2025-04-29 13:18:39";"U";"Urna Eletrônica";"#NULO";"ZPE025WKS50";"72E39A3E";"E399A9CE";"ZPE025WKS51";"7E916FF3";"10482C3D"
"05/05/2025";"10:00:22";2024;"2025-05-04 00:00:00";3100;"PE";"24236";"GOIANA";25;197;1058;2719887;2170935;127181615597715509392589;"127.181.615.597.715.509.";"392.589";"97B2F55B";"2025-04-29 08:23:00";"2025-04-29 13:05:48";2719887;2170935;127181615597715509392589;"127.181.615.597.715.509.";"392.589";"97B2F55B";"2025-04-29 08:23:00";"2025-04-29 13:05:48";"U";"Urna Eletrônica";"#NULO";"ZPE025WKS50";"72E39A3E";"E399A9CE";"ZPE025WKS51";"7E916FF3";"10482C3D"
"05/05/2025";"10:00:22";2024;"2025-05-04 00:00:00";3100;"PE";"24236";"GOIANA";25;199;1023;2719888;2193949;278696986612204920066556;"278.696.986.612.204.920.";"066.556";"97B2F55B";"2025-04-29 08:54:00";"2025-04-29 13:05:48";2719888;2193949;278696986612204920066556;"278.696.986.612.204.920.";"066.556";"97B2F55B";"2025-04-29 08:54:00";"2025-04-29 13:05:48";"U";"Urna Eletrônica";"#NULO";"ZPE025WKS50";"72E39A3E";"E399A9CE";"ZPE025WKS51";"7E916FF3";"10482C3D"
"05/05/2025";"10:00:22";2024;"2025-05-04 00:00:00";3100;"PE";"24236";"GOIANA";25;200;1198;2719889;2222471;106979289695571566552155;"106.979.289.695.571.566.";"552.155";"97B2F55B";"2025-04-29 09:11:00";"2025-04-29 13:05:48";2719889;2222471;106979289695571566552155;"106.979.289.695.571.566.";"552.155";"97B2F55B";"2025-04-29 09:11:00";"2025-04-29 13:05:48";"U";"Urna Eletrônica";"#NULO";"ZPE025WKS50";"72E39A3E";"E399A9CE";"ZPE025WKS51";"7E916FF3";"10482C3D"
"05/05/2025";"10:00:22";2024;"2025-05-04 00:00:00";3100;"PE";"24236";"GOIANA";25;201;1031;2719890;2221410;308999593215424423857787;"308.999.593.215.424.423.";"857.787";"97B2F55B";"2025-04-29 09:29:00";"2025-04-29 13:05:48";2719890;2221410;308999593215424423857787;"308.999.593.215.424.423.";"857.787";"97B2F55B";"2025-04-29 09:29:00";"2025-04-29 13:05:48";"U";"Urna Eletrônica";"#NULO";"ZPE025WKS50";"72E39A3E";"E399A9CE";"ZPE025WKS51";"7E916FF3";"10482C3D"
"05/05/2025";"10:00:22";2024;"2025-05-04 00:00:00";3100;"PE";"24236";"GOIANA";25;202;1147;2719891;2179589;975666378482066130491749;"975.666.378.482.066.130.";"491.749";"97B2F55B";"2025-04-29 09:46:00";"2025-04-29 13:05:48";2719891;2179589;975666378482066130491749;"975.666.378.482.066.130.";"491.749";"97B2F55B";"2025-04-29 09:46:00";"2025-04-29 13:05:48";"U";"Urna Eletrônica";"#NULO";"ZPE025WKS50";"72E39A3E";"E399A9CE";"ZPE025WKS51";"7E916FF3";"10482C3D"
"05/05/2025";"10:00:22";2024;"2025-05-04 00:00:00";3100;"PE";"24236";"GOIANA";25;203;1457;2719892;2183126;96878603294042527026456;"096.878.603.294.042.527.";"026.456";"97B2F55B";"2025-04-29 10:08:00";"2025-04-29 13:05:48";2719892;2183126;96878603294042527026456;"096.878.603.294.042.527.";"026.456";"97B2F55B";"2025-04-29 10:08:00";"2025-04-29 13:05:48";"U";"Urna Eletrônica";"#NULO";"ZPE025WKS50";"72E39A3E";"E399A9CE";"ZPE025WKS51";"7E916FF3";"10482C3D"
"05/05/2025";"10:00:22";2024;"2025-05-04 00:00:00";3100;"PE";"24236";"GOIANA";25;204;1422;2719893;2192721;470616096932322041842442;"470.616.096.932.322.041.";"842.442";"97B2F55B";"2025-04-29 10:24:00";"2025-04-29 13:05:48";2719893;2192721;470616096932322041842442;"470.616.096.932.322.041.";"842.442";"97B2F55B";"2025-04-29 10:24:00";"2025-04-29 13:05:48";"U";"Urna Eletrônica";"#NULO";"ZPE025WKS50";"72E39A3E";"E399A9CE";"ZPE025WKS51";"7E916FF3";"10482C3D"
